"","cell_groups_1","Gene1","Gene2","Gene3","Gene4","Gene5","Gene6","Gene7","Gene8","Gene9","Gene10","Gene11","Gene12","Gene13","Gene14","Gene15","Gene16","Gene17","Gene18","Gene19","Gene20","Gene21","Gene22","Gene23","Gene24","Gene25","Gene26","Gene27","Gene28","Gene29","Gene30","Gene31","Gene32","Gene33","Gene34","Gene35","Gene36","Gene37","Gene38","Gene39","Gene40","Gene41","Gene42","Gene43","Gene44","Gene45","Gene46","Gene47","Gene48","Gene49","Gene50","Gene51","Gene52","Gene53","Gene54","Gene55","Gene56","Gene57","Gene58","Gene59","Gene60","Gene61","Gene62","Gene63","Gene64","Gene65","Gene66","Gene67","Gene68","Gene69","Gene70","Gene71","Gene72","Gene73","Gene74","Gene75","Gene76","Gene77","Gene78","Gene79","Gene80","Gene81","Gene82","Gene83","Gene84","Gene85","Gene86","Gene87","Gene88","Gene89","Gene90","Gene91","Gene92","Gene93","Gene94","Gene95","Gene96","Gene97","Gene98","Gene99","Gene100","Gene101","Gene102","Gene103","Gene104","Gene105","Gene106","Gene107","Gene108","Gene109","Gene110","Gene111","Gene112","Gene113","Gene114","Gene115","Gene116","Gene117","Gene118","Gene119","Gene120","Gene121","Gene122","Gene123","Gene124","Gene125","Gene126","Gene127","Gene128","Gene129","Gene130","Gene131","Gene132","Gene133","Gene134","Gene135","Gene136","Gene137","Gene138","Gene139","Gene140","Gene141","Gene142","Gene143","Gene144","Gene145","Gene146","Gene147","Gene148","Gene149","Gene150","Gene151","Gene152","Gene153","Gene154","Gene155","Gene156","Gene157","Gene158","Gene159","Gene160","Gene161","Gene162","Gene163","Gene164","Gene165","Gene166","Gene167","Gene168","Gene169","Gene170","Gene171","Gene172","Gene173","Gene174","Gene175","Gene176","Gene177","Gene178","Gene179","Gene180","Gene181","Gene182","Gene183","Gene184","Gene185","Gene186","Gene187","Gene188","Gene189","Gene190","Gene191","Gene192","Gene193","Gene194","Gene195","Gene196","Gene197","Gene198","Gene199","Gene200"
"Cell1","Group2",164,0,0,0,500,0,24,0,0,63,0,178,639,215,0,21,0,0,0,285,262,49,0,0,145,0,48,99,40,349,0,0,92,0,0,0,224,0,0,138,0,76,0,204,281,9994,0,56,0,53,115,5172,839,36,0,0,148,0,0,847,0,110,0,0,0,239,0,0,0,239,0,0,0,61,0,0,299,0,932,0,0,466,0,8956,148,0,0,0,3550,0,0,0,0,0,0,188,0,0,0,279,0,78,0,9385,0,0,0,0,0,0,80,0,0,0,0,0,321,0,0,0,0,79,3404,0,307,248,0,0,66,0,0,0,0,456,337,0,0,2869,62,0,202,226,0,0,0,0,0,0,0,108,0,6360,303,0,390,46,0,0,405,1144,0,633,3323,62,88,0,0,0,0,17,559,0,280,122,0,319,0,277,0,0,126,0,0,0,0,0,0,0,0,60,0,348,204,0,110,371,0,0,573,91
"Cell2","Group2",65,0,0,0,658,25,0,0,39,0,0,190,481,0,0,0,183,0,0,0,0,0,0,0,107,0,0,0,0,0,0,0,0,0,0,0,0,0,0,106,0,45,0,97,262,6459,0,0,0,0,0,2238,485,0,0,0,63,0,0,593,30,0,76,186,0,207,102,0,0,105,0,0,0,57,0,0,0,37,451,49,0,255,0,0,0,0,51,0,2550,148,0,0,0,0,14,62,0,0,0,0,0,39,0,5670,0,0,0,62,0,0,0,0,0,0,0,0,241,0,0,0,0,0,1925,0,160,141,0,0,0,0,0,0,0,283,247,0,50,1693,48,0,0,0,0,0,0,0,273,0,173,0,0,2573,0,0,313,0,0,352,338,0,58,0,2011,35,61,92,0,0,34,0,349,0,0,0,0,169,0,0,203,0,0,0,0,0,21,0,0,54,137,0,0,241,0,0,0,0,0,19,370,0
"Cell3","Group1",0,0,23,0,496,0,0,0,0,45,60,243,494,0,0,0,336,0,0,221,293,0,0,1,0,111,38,0,0,149,0,0,54,0,0,0,254,0,0,0,0,0,0,0,211,5637,0,39,0,0,0,2776,668,0,0,249,53,0,0,1176,0,121,0,0,0,0,155,0,0,226,52,0,0,0,218,0,0,0,563,0,0,226,0,6046,133,0,0,0,2268,0,0,0,0,0,23,129,0,0,165,190,0,0,0,6027,0,166,0,0,0,0,0,0,0,0,0,36,0,8,0,0,0,0,2772,0,208,219,0,285,0,0,0,0,38,371,0,0,0,2433,0,0,0,119,0,0,2,0,398,0,0,0,0,3515,189,0,0,18,0,452,268,863,0,527,2584,0,0,136,0,0,0,0,326,0,196,139,0,238,0,126,324,0,0,0,0,0,0,0,0,0,0,0,0,262,181,0,0,334,0,30,1980,69
"Cell4","Group2",185,0,0,0,515,36,0,0,58,0,0,0,481,146,22,24,130,0,0,273,231,0,0,0,0,0,0,0,0,188,0,0,0,0,55,0,190,10,22,131,0,0,223,0,0,5698,0,0,0,68,0,2685,0,0,0,0,39,0,0,699,0,0,0,198,0,0,152,0,0,145,0,45,0,58,0,0,0,52,0,0,0,0,0,4812,147,0,79,77,2548,0,0,74,0,0,0,0,319,0,0,142,0,0,0,5192,0,201,0,81,0,0,0,0,0,29,0,29,0,0,0,0,0,71,0,0,191,0,0,0,0,0,0,0,0,267,191,0,82,2755,0,0,0,0,0,0,0,0,405,0,0,0,0,4150,183,132,360,0,0,446,329,946,0,485,2295,0,0,142,0,0,30,0,291,0,170,102,0,0,0,0,294,0,0,0,0,0,0,0,0,0,140,0,59,0,0,0,0,0,0,0,443,0
"Cell5","Group2",149,0,17,0,694,0,0,0,46,0,0,325,387,134,0,0,190,0,0,0,238,0,0,0,0,69,0,0,0,0,0,0,0,168,54,0,0,0,0,0,0,0,0,0,0,7230,137,76,0,0,0,3739,551,0,0,277,0,55,0,797,0,220,0,158,0,270,195,0,0,0,0,0,0,0,0,0,251,0,526,0,0,388,0,7585,0,0,0,128,2790,0,0,0,0,0,0,107,486,0,107,0,0,0,0,7252,0,173,0,98,0,0,55,0,0,34,0,60,179,2,0,105,0,0,2717,0,0,255,0,179,0,0,0,0,0,505,0,0,114,2544,0,0,169,0,0,0,0,0,0,0,0,0,0,0,0,0,402,42,0,556,375,1189,0,507,2737,0,0,163,0,39,0,0,371,0,0,0,0,307,0,209,341,0,0,0,0,0,0,0,0,0,0,31,0,266,155,0,73,430,0,0,554,0
"Cell6","Group1",0,0,0,0,565,0,0,0,0,44,0,133,0,0,41,29,515,0,0,225,267,19,123,0,0,113,43,87,0,177,0,0,0,0,0,0,0,0,33,139,0,98,353,0,226,0,0,53,0,0,0,3376,0,0,0,331,0,0,0,914,0,0,0,249,0,226,0,0,0,0,0,0,0,110,0,0,341,64,706,0,0,0,0,6467,143,0,97,0,2956,136,0,96,0,0,0,0,0,0,140,0,0,0,0,5715,0,243,0,0,0,0,0,0,0,35,38,0,281,0,0,145,0,0,2340,0,187,256,0,266,0,0,0,0,16,0,0,0,0,2723,75,0,113,0,0,51,0,0,0,63,0,0,0,3683,240,0,459,0,0,376,394,1134,0,0,2727,0,0,186,0,0,0,0,583,19,271,0,1,0,0,0,0,0,146,0,0,0,0,0,0,0,172,0,0,0,0,0,0,385,0,0,0,64
"Cell7","Group2",130,0,0,0,657,0,0,0,0,59,0,274,0,0,0,0,0,0,0,204,330,0,212,0,0,0,0,0,0,317,0,0,0,218,0,0,336,0,0,77,0,0,321,0,0,8661,179,40,22,0,0,3328,806,0,0,317,86,0,0,764,0,102,0,186,0,207,216,21,0,0,0,0,0,0,307,0,362,0,592,0,0,418,0,7878,0,0,89,0,3032,0,9,0,0,75,0,0,496,15,0,241,0,43,0,7700,0,0,0,69,0,0,40,0,0,0,78,0,191,2,0,0,0,63,3072,0,269,0,0,255,0,0,0,0,0,452,0,0,0,2202,69,0,176,179,0,0,0,0,489,114,0,0,0,5173,0,0,0,48,0,541,380,982,0,491,2356,58,0,199,0,0,0,0,393,0,0,193,0,0,0,0,0,14,0,0,0,24,0,0,0,0,173,0,0,309,0,0,0,472,0,41,620,0
"Cell8","Group2",86,0,19,0,383,0,0,0,43,32,0,212,393,0,0,36,0,0,0,197,0,0,120,0,38,0,29,0,46,253,0,0,0,177,65,0,0,0,0,128,0,32,0,86,0,5243,0,0,0,0,54,3524,438,0,0,215,0,36,0,607,0,125,0,0,0,0,178,0,0,166,0,0,0,0,196,0,0,65,0,46,0,288,0,5523,0,0,0,0,2926,0,0,68,0,0,0,94,0,0,117,0,0,0,0,0,0,95,0,0,0,0,0,0,0,33,0,0,0,0,0,92,0,0,2188,0,192,127,0,0,0,0,0,8,0,245,234,0,0,2374,73,0,143,0,0,0,0,0,0,0,229,0,0,3681,0,0,403,0,0,436,314,740,53,473,2181,0,0,155,0,0,0,0,0,0,0,107,0,0,0,0,0,0,87,0,0,0,28,0,0,0,162,0,0,155,179,0,74,0,0,0,440,0
"Cell9","Group2",134,0,19,0,592,0,0,0,0,0,0,0,580,0,0,0,281,0,0,0,372,0,0,0,0,53,0,48,0,263,0,0,0,260,0,19,175,0,0,0,0,0,269,0,223,6748,190,0,0,0,94,3355,698,0,0,0,0,0,0,732,0,0,0,211,0,0,0,52,0,219,0,99,0,0,225,0,0,0,783,0,0,0,0,7122,0,0,107,133,3260,131,0,0,0,57,0,143,395,0,185,0,0,0,0,7341,0,0,0,0,0,0,0,0,0,56,0,0,199,2,0,72,0,55,2422,0,228,0,0,0,0,0,0,0,0,336,230,0,0,2495,0,0,140,0,0,0,0,0,344,0,0,111,0,3922,288,0,0,0,0,0,279,699,0,530,2345,0,58,125,0,0,0,0,486,0,0,0,0,288,0,203,317,0,0,0,0,0,31,0,0,0,186,56,0,253,140,0,0,326,0,0,574,0
"Cell10","Group2",139,0,0,0,396,0,0,0,56,0,39,260,683,0,20,0,0,0,0,0,195,0,0,0,0,0,0,0,0,171,0,0,65,0,49,0,165,0,0,0,0,0,263,139,0,6825,0,0,0,0,0,3469,449,27,0,234,0,0,9,525,0,107,59,138,0,152,220,0,0,0,0,0,0,0,0,0,304,0,549,0,0,264,27,5734,0,0,0,63,2521,133,0,94,0,0,0,0,381,0,0,0,10,48,56,5691,0,102,0,51,0,0,0,0,0,0,0,0,0,0,0,95,0,0,2617,0,0,190,0,207,0,12,0,0,0,380,241,0,104,2186,0,0,151,149,0,0,0,5,294,0,179,0,0,3970,0,0,0,18,0,418,214,675,0,540,2648,0,70,0,0,0,0,0,544,0,0,86,0,0,0,0,221,0,0,0,15,0,0,25,0,36,0,0,76,0,129,0,0,0,0,0,470,0
"Cell11","Group2",0,0,0,0,758,0,25,0,0,0,0,0,548,0,0,0,204,0,0,0,370,0,229,0,111,0,0,39,0,0,0,0,71,0,0,30,200,22,0,182,0,78,0,148,0,7711,274,0,0,56,106,5529,803,0,0,260,89,0,0,905,0,0,0,236,0,0,0,0,0,300,65,0,0,84,291,2,0,0,0,0,0,334,0,5702,0,0,66,103,3265,0,0,0,0,69,0,182,392,0,0,0,0,0,0,6875,0,212,0,0,0,0,62,0,0,38,0,0,242,0,0,0,0,63,3653,0,288,158,0,293,0,18,0,0,0,448,269,0,0,3941,60,0,0,214,0,67,0,0,464,0,330,0,0,4759,0,143,0,0,0,467,360,1176,66,590,2875,0,88,233,0,0,0,0,646,0,268,169,0,277,0,263,385,0,122,0,0,48,47,0,0,0,283,32,0,393,171,0,116,467,0,0,705,87
"Cell12","Group2",0,15,0,0,544,0,0,0,0,35,0,214,334,0,0,0,129,0,0,164,0,0,121,0,0,0,0,47,0,138,0,0,0,137,0,0,200,0,0,0,0,0,225,0,0,5594,0,0,19,0,0,2822,579,0,0,148,92,21,0,463,0,0,0,166,0,248,131,0,0,141,38,0,0,0,180,0,216,0,471,0,0,0,0,5291,0,0,0,0,2225,158,0,0,0,0,0,0,313,0,0,255,0,0,0,4939,0,0,0,0,0,0,0,0,0,36,0,0,0,0,0,0,0,0,2122,0,0,141,0,165,0,0,0,0,0,266,0,0,0,1660,0,0,96,0,0,0,0,0,297,0,0,0,0,3115,145,0,350,0,12,0,0,728,0,300,2064,51,0,0,0,0,0,0,311,0,224,96,0,180,0,130,251,0,0,0,0,0,0,0,0,0,103,0,0,128,153,0,0,282,0,0,0,40
"Cell13","Group2",111,0,28,0,0,0,0,0,0,0,0,0,454,89,21,0,0,0,0,265,0,0,189,0,0,0,0,0,0,206,0,0,0,195,0,0,289,0,0,0,0,0,303,105,161,5448,0,78,0,57,0,3146,673,0,0,231,66,63,0,448,0,0,0,0,0,0,177,0,0,210,0,77,0,81,245,0,217,59,557,0,0,0,0,6330,137,10,65,149,3394,113,0,0,0,0,0,0,352,0,0,142,0,0,0,5383,0,133,0,0,0,0,34,0,0,0,50,0,196,0,0,0,0,0,3007,0,338,176,0,211,0,0,0,0,0,250,0,0,0,2692,0,0,0,103,0,0,0,0,338,0,146,37,0,3835,308,0,0,0,0,0,266,729,0,437,2439,26,80,0,0,0,0,0,390,0,224,102,0,0,0,209,336,0,0,0,0,35,0,0,0,30,169,47,0,237,152,0,105,295,0,0,635,0
"Cell14","Group2",146,0,21,0,832,49,25,0,0,73,0,340,615,257,0,0,308,28,0,0,397,0,192,0,0,0,71,83,0,379,0,0,0,195,0,0,311,0,0,233,0,0,461,218,0,9276,0,0,22,0,0,5593,0,0,0,309,102,40,0,868,0,154,0,314,0,346,310,0,0,0,0,0,0,89,377,0,352,0,1205,43,0,376,0,9542,227,0,0,140,4151,0,0,110,0,0,0,0,544,0,179,0,0,82,0,8407,0,210,0,118,0,0,0,0,14,0,0,0,244,0,0,0,0,0,5206,0,398,0,0,366,0,12,0,0,0,0,296,0,132,3935,0,0,0,0,0,55,0,0,432,0,267,132,45,6205,314,0,714,43,0,680,0,1369,0,905,3528,0,0,0,0,0,64,0,500,0,0,0,0,386,0,262,0,29,0,0,0,0,0,57,0,0,0,0,171,336,153,0,89,404,0,0,724,0
"Cell15","Group2",0,0,0,0,401,0,0,0,31,0,0,149,351,0,0,0,0,0,0,0,211,2,0,0,0,37,0,0,0,174,0,0,0,0,0,0,172,0,0,0,0,0,242,0,196,5054,0,30,0,0,0,2372,425,0,0,187,48,0,0,517,0,54,0,0,0,183,0,0,0,131,0,47,0,0,243,0,187,0,0,0,0,232,0,5042,0,0,0,0,1551,0,0,0,0,48,0,98,382,0,0,0,0,0,0,4227,0,75,0,43,0,0,0,0,0,0,0,0,0,0,0,0,0,0,2006,0,212,0,0,119,0,0,0,0,0,245,145,0,71,1555,0,0,0,111,0,45,0,0,363,86,0,80,0,2739,0,0,239,0,0,310,241,557,0,359,1793,0,0,111,0,0,0,0,0,0,209,0,0,0,0,0,0,0,0,0,0,0,0,0,0,0,137,0,53,232,0,0,0,0,0,0,288,0
"Cell16","Group1",121,0,0,0,558,0,0,0,49,0,63,0,691,174,0,0,574,0,0,223,228,0,0,0,0,91,0,0,0,292,0,0,0,0,0,0,0,0,0,0,0,0,0,0,0,6504,0,0,0,44,0,3072,565,40,0,308,0,0,0,1222,0,0,0,0,0,0,157,0,0,0,0,115,0,0,0,0,0,0,734,78,0,0,0,6475,136,0,0,0,2682,0,0,152,0,58,2,87,348,0,0,0,0,0,0,8766,0,122,0,0,0,0,0,20,0,41,0,0,177,0,0,95,5,73,2964,0,236,186,0,307,0,0,0,12,32,286,293,0,0,2255,61,0,173,0,0,0,0,0,0,0,0,72,0,4513,0,0,0,0,0,0,346,852,80,0,1980,44,0,0,0,0,0,0,552,0,275,0,0,269,0,209,289,17,0,0,0,0,0,0,0,53,263,0,77,0,175,0,120,406,0,0,2144,0
"Cell17","Group1",126,21,0,0,421,0,0,0,0,0,55,180,371,0,0,0,514,0,0,0,0,0,186,5,0,123,0,37,0,222,0,0,0,0,0,0,0,0,52,0,0,0,187,0,0,9076,159,0,0,0,103,3535,0,0,0,303,0,0,0,1142,31,122,0,0,0,166,0,0,0,145,0,0,0,0,228,0,257,0,654,0,0,240,37,6435,0,0,123,0,3115,162,0,127,0,0,0,174,426,0,166,158,0,0,0,7688,0,161,0,58,0,0,0,0,0,0,0,71,0,0,0,67,0,0,2137,0,0,206,0,282,31,0,0,0,0,0,219,0,0,2943,0,0,0,91,0,0,0,0,360,52,185,0,0,3387,339,0,0,0,0,529,335,990,113,438,2364,0,0,160,0,0,0,0,426,0,0,0,0,0,0,157,0,0,0,0,0,0,24,0,0,0,0,0,64,208,0,0,0,0,0,0,1774,0
"Cell18","Group2",0,0,0,0,1047,126,0,8,66,54,0,0,629,171,0,0,0,40,0,287,407,0,251,0,125,87,67,0,56,0,0,0,0,233,100,0,0,0,0,178,0,0,375,192,289,9860,336,65,0,0,139,5322,1097,55,0,340,97,99,0,972,0,0,0,280,0,309,0,0,0,258,0,0,0,0,419,0,0,111,917,0,0,0,0,8636,0,10,0,0,5574,0,0,86,38,0,0,0,636,0,169,305,9,0,51,10424,0,198,0,133,0,0,0,0,0,44,0,54,260,0,0,182,0,94,4159,0,428,248,0,373,62,0,0,34,36,567,321,0,0,3543,105,0,0,0,0,0,0,0,628,0,361,161,0,4883,0,141,648,0,0,650,0,1113,0,975,3366,0,0,252,0,35,0,19,569,26,469,0,0,290,0,334,0,0,0,0,57,48,0,0,0,0,247,0,0,359,274,0,0,572,0,0,734,88
"Cell19","Group1",173,31,62,0,617,64,9,0,0,0,0,296,542,203,49,0,423,0,0,255,0,0,0,0,0,0,50,65,58,0,0,0,112,0,69,21,314,0,0,142,0,0,0,0,356,8065,142,0,0,0,0,4248,793,0,0,292,79,84,0,1295,0,121,103,293,0,0,140,0,0,198,0,0,0,0,259,0,438,49,936,0,0,388,0,6917,0,0,0,85,2891,0,0,153,0,0,0,0,485,0,0,0,0,0,0,7460,0,184,0,0,0,0,29,0,0,0,0,0,0,0,0,0,0,0,2462,0,248,0,0,0,0,0,0,0,0,395,294,0,0,2960,95,0,0,0,0,0,0,0,383,0,0,89,0,3521,0,115,523,0,0,426,373,877,0,504,2423,47,0,0,0,25,0,0,0,22,289,0,0,0,0,247,323,0,0,0,0,28,0,0,0,70,0,0,0,0,160,0,118,402,0,0,2331,0
"Cell20","Group1",0,0,0,0,667,0,0,0,0,0,99,374,607,0,0,0,0,0,0,254,0,0,0,0,0,0,0,0,0,282,0,0,0,216,0,0,318,0,0,117,0,0,367,163,235,8246,181,0,0,0,0,4665,864,35,0,0,0,48,0,1183,0,0,122,0,0,309,0,0,0,164,0,0,0,0,249,0,334,0,924,75,0,429,0,6673,0,0,0,0,3863,267,0,0,16,60,0,0,585,0,0,268,0,50,47,7755,0,208,0,0,0,0,47,33,0,0,0,53,287,0,10,0,0,0,3041,0,0,207,0,265,67,0,0,0,0,407,0,0,86,3590,0,0,207,0,0,0,0,0,600,0,332,0,0,4743,312,125,0,0,0,633,0,1062,0,533,0,0,105,179,0,0,0,0,438,0,252,151,0,442,0,180,464,0,387,0,39,0,0,0,0,0,226,0,125,283,194,0,58,424,0,45,2909,0
"Cell21","Group2",105,0,0,0,567,0,0,0,37,0,0,159,385,103,0,0,0,0,7,178,0,0,0,0,0,0,0,0,0,138,0,0,0,156,0,0,151,0,0,0,0,0,226,77,143,6281,159,59,0,29,0,2655,481,0,0,0,0,58,0,463,29,0,82,183,0,194,194,0,0,0,0,51,0,0,199,0,286,0,583,0,0,261,0,4586,0,0,0,0,2141,0,0,0,0,0,0,0,339,0,87,0,0,0,0,5053,0,0,0,0,0,0,0,0,0,0,0,0,213,0,0,0,0,0,2014,0,197,0,0,0,0,0,0,0,19,280,0,0,37,1832,0,0,0,0,0,68,0,0,476,68,258,0,26,3729,0,77,0,0,0,465,242,684,0,0,1823,0,0,0,0,0,0,0,367,0,0,0,0,0,0,178,275,0,0,0,0,0,0,0,0,0,140,0,0,0,135,0,0,272,0,0,367,0
"Cell22","Group1",149,0,21,0,490,90,0,0,0,0,0,207,0,0,0,0,396,0,0,0,0,0,141,0,143,0,0,0,0,187,0,0,0,176,36,0,0,0,0,134,0,0,204,149,0,6490,190,0,0,0,118,3076,0,0,0,0,0,0,0,1195,0,0,0,160,0,0,177,0,0,201,0,0,0,99,221,0,280,0,707,0,0,0,0,5458,172,0,90,120,2929,0,6,148,0,65,0,0,0,0,0,181,0,64,34,5045,0,0,0,0,0,0,0,25,0,0,0,69,0,0,0,0,0,0,2843,0,0,193,0,0,46,0,0,0,0,315,0,0,0,2672,0,0,161,114,0,0,0,0,331,0,247,0,0,4663,230,0,492,0,0,0,305,734,0,478,2436,0,0,192,0,13,0,0,445,0,0,127,0,228,0,148,381,0,294,0,0,0,0,0,0,0,0,0,0,262,166,0,0,321,0,0,1873,74
"Cell23","Group2",143,0,0,0,593,0,0,0,54,0,0,282,0,178,0,0,0,0,0,166,286,0,0,0,0,0,0,69,0,185,0,0,65,193,89,0,0,0,0,0,0,0,0,83,295,6416,0,0,0,0,0,0,0,0,0,0,0,0,0,675,0,139,125,322,0,0,0,0,0,203,0,0,0,0,0,0,279,82,587,0,0,283,20,5878,0,0,0,0,3453,131,0,0,17,55,0,89,441,0,0,0,0,0,0,6598,0,0,0,0,0,0,46,0,8,0,0,51,193,0,20,0,0,66,2901,0,239,116,0,0,60,0,0,0,36,366,333,0,131,3315,77,0,0,0,0,52,0,0,439,88,172,74,0,3687,0,0,470,0,0,0,0,728,0,490,2596,0,0,0,0,0,0,23,386,0,318,140,0,214,0,132,296,0,0,0,0,0,43,0,0,0,235,56,0,0,202,0,0,380,0,0,619,129
"Cell24","Group1",171,0,0,0,746,0,0,0,75,0,0,232,593,0,0,0,545,21,0,235,272,0,0,0,0,0,0,86,0,181,0,0,0,193,0,0,254,0,55,0,0,0,427,139,0,6880,0,0,0,86,0,4099,803,0,0,0,99,0,0,0,0,0,0,228,0,248,0,16,0,0,74,141,0,115,311,0,394,0,961,0,0,0,0,7585,0,0,0,0,3671,224,0,0,0,0,0,0,0,0,0,205,0,0,60,7813,24,256,0,0,0,0,0,0,0,67,0,47,231,0,0,0,0,80,4025,0,0,204,0,345,0,0,0,0,0,349,297,0,123,3549,0,0,180,151,0,0,0,0,479,0,0,0,22,4892,0,0,0,0,0,547,0,834,51,673,2702,0,0,0,0,0,0,25,0,0,357,0,0,248,0,0,670,0,236,0,0,0,0,0,0,0,240,0,0,343,0,0,0,0,0,0,2122,0
"Cell25","Group1",0,0,0,0,404,0,0,0,0,0,0,0,0,121,0,17,348,0,0,178,210,0,0,0,0,69,25,0,0,174,0,0,41,176,0,0,0,0,44,0,0,0,192,0,190,4892,0,0,0,0,0,2500,433,0,0,0,0,0,0,1070,0,95,64,164,0,148,0,0,0,166,0,0,0,54,208,0,238,0,663,55,0,219,0,5475,143,0,0,78,2366,108,0,0,14,0,0,0,329,0,92,136,0,0,20,4722,0,0,0,0,0,0,0,0,0,30,0,0,181,0,0,0,0,0,1732,0,0,0,0,195,0,0,0,0,23,240,209,0,0,1555,0,0,146,0,0,0,0,0,0,0,0,0,0,3133,132,67,315,0,0,397,320,0,0,341,1805,41,0,84,0,0,0,0,488,0,0,78,0,0,0,125,197,0,191,0,0,49,0,0,0,0,100,0,0,194,148,0,0,279,0,0,1958,0
"Cell26","Group1",143,0,0,0,481,0,0,0,0,0,0,217,459,0,54,0,348,0,0,207,243,28,182,0,0,0,0,0,0,0,0,0,75,0,0,0,195,0,0,0,0,0,295,0,211,5542,151,0,24,30,75,3280,816,0,0,0,0,47,0,1299,36,0,95,0,0,231,169,0,0,0,0,111,0,0,0,0,230,57,0,48,0,287,0,5802,0,0,128,81,2947,129,0,86,0,0,26,0,385,0,0,147,0,0,40,6002,0,153,0,50,0,0,0,0,0,0,0,0,0,0,0,0,0,0,2434,0,0,156,0,392,0,0,0,0,0,0,139,0,95,2222,75,0,0,132,0,0,0,0,449,0,249,0,0,3755,226,79,0,0,0,425,0,695,0,716,2789,0,0,136,0,0,0,0,0,0,307,0,0,263,0,0,364,0,253,0,63,0,21,0,0,52,128,0,0,204,139,0,141,298,0,0,1593,0
"Cell27","Group2",0,0,0,0,405,0,0,0,0,67,0,235,553,185,29,12,142,0,0,0,0,0,0,0,0,0,0,0,39,0,0,0,0,223,24,14,213,0,0,0,0,0,297,63,0,7360,193,0,0,0,0,3350,0,0,0,203,61,63,0,583,0,0,0,216,0,246,204,31,0,0,0,67,0,0,196,0,210,0,870,0,0,309,0,7172,168,0,0,80,2940,164,0,0,0,76,0,0,0,0,126,225,1,0,0,5803,0,0,0,71,0,0,0,18,0,0,0,0,205,0,0,0,0,0,3107,0,225,0,0,0,40,0,0,0,0,382,252,0,112,2858,0,0,155,143,0,0,0,0,399,0,271,0,0,4114,0,119,400,0,0,535,333,752,52,607,2240,58,0,0,0,0,0,0,331,0,217,0,0,0,0,0,405,0,100,0,64,29,0,0,0,0,221,0,0,329,0,0,0,342,0,13,530,0
"Cell28","Group1",0,0,0,0,536,0,0,0,0,0,46,149,0,148,0,0,418,0,0,209,229,0,0,0,0,0,0,72,32,0,0,0,0,0,0,0,240,0,0,142,0,90,0,94,170,5366,101,0,0,0,0,2679,664,0,0,232,0,0,0,981,0,0,0,0,0,166,0,0,0,172,0,0,0,0,221,0,242,0,699,40,0,0,0,5143,0,0,0,0,2149,127,0,0,0,0,0,0,367,0,0,270,0,0,0,5947,0,141,0,0,0,0,0,0,0,38,0,35,0,0,0,0,0,0,2099,0,0,261,0,296,0,0,0,0,0,288,229,0,0,2047,0,0,0,0,0,0,0,0,419,0,205,0,15,4237,0,0,492,0,0,0,0,531,0,407,1835,0,0,0,0,0,0,0,0,0,0,101,0,308,0,178,313,0,137,0,0,24,0,0,0,0,0,0,0,212,136,0,0,308,0,36,1684,0
"Cell29","Group1",0,11,0,3,0,0,0,0,0,50,0,0,314,0,38,0,356,0,0,162,0,0,0,0,0,60,0,0,0,147,0,0,45,79,0,12,0,0,0,146,0,73,0,0,0,5107,118,0,0,0,0,2585,0,0,0,0,0,0,0,734,0,0,0,0,0,0,0,0,0,124,0,64,0,0,151,0,204,0,508,0,0,221,0,0,0,0,0,76,2293,140,0,85,0,61,0,114,314,0,0,157,0,0,0,4566,0,0,4,0,0,0,0,0,0,0,0,0,150,0,0,0,0,0,1592,0,0,0,0,0,0,0,0,0,0,267,0,0,0,1658,0,0,167,0,0,55,0,0,0,51,222,0,0,2919,0,0,0,0,0,0,0,660,0,341,1604,0,0,0,0,0,0,0,262,0,0,118,0,0,0,0,319,0,0,3,0,0,0,0,0,0,0,32,0,153,0,0,80,0,0,0,1666,0
"Cell30","Group2",147,0,0,0,473,0,0,0,0,0,0,0,363,162,0,0,0,0,0,0,250,0,164,0,66,0,0,0,0,175,0,0,0,0,0,0,128,0,0,0,0,0,0,0,0,4922,152,0,0,0,92,3835,541,0,0,0,56,0,0,606,0,0,133,0,0,0,0,0,0,147,47,0,0,105,274,0,311,64,636,0,0,262,13,5616,134,0,75,77,3398,0,0,0,25,0,0,0,441,0,0,0,0,0,0,6729,0,154,0,0,0,0,0,0,0,0,0,0,0,0,0,84,0,0,2855,0,0,0,0,225,0,9,0,0,0,224,207,0,0,1872,0,0,111,105,0,35,0,0,367,62,233,0,0,2937,213,0,371,0,0,556,239,857,65,0,1896,0,38,137,0,0,0,0,334,0,0,96,0,253,0,0,0,0,58,0,36,0,0,0,0,26,0,0,0,176,0,10,70,437,0,0,499,0
"Cell31","Group2",140,0,0,0,759,94,0,0,0,0,0,0,616,173,0,0,318,0,0,0,428,0,221,0,127,90,0,0,0,332,0,0,79,0,0,0,351,0,0,187,0,0,0,0,297,9449,296,0,0,0,0,5119,783,49,0,336,131,64,0,925,0,187,0,0,0,354,0,0,0,253,0,0,0,0,430,0,351,97,897,0,0,379,0,8810,262,8,0,0,3883,0,0,108,0,85,25,276,592,21,201,208,0,76,41,10653,26,260,0,122,0,0,0,0,0,0,73,108,323,0,0,0,0,110,3658,0,318,0,0,0,64,0,0,0,43,475,0,0,0,3092,0,0,140,168,0,0,0,7,580,0,298,140,0,5397,0,0,616,0,0,727,0,1107,0,847,4004,0,60,295,0,0,37,21,701,0,0,193,0,379,0,0,0,0,0,0,0,0,0,0,0,0,268,0,101,346,0,0,0,0,0,0,821,104
"Cell32","Group2",0,0,0,0,470,0,0,0,0,0,0,154,319,167,0,0,124,0,0,172,0,0,136,0,32,0,30,0,0,214,0,0,0,0,0,0,0,0,0,0,0,0,148,0,205,4236,112,0,0,43,0,1964,521,0,0,0,46,0,2,440,0,86,0,139,0,133,0,0,0,125,0,0,6,54,0,0,264,0,455,0,0,151,0,4373,132,0,63,0,2043,0,0,0,0,0,0,88,292,0,0,151,0,0,0,4577,0,126,0,0,0,0,0,0,0,0,0,0,155,0,0,35,0,0,1854,0,0,0,0,159,0,0,0,0,0,0,210,0,0,1527,0,8,105,86,0,0,0,0,240,0,0,0,0,2144,118,0,293,0,0,0,277,529,0,335,1365,0,0,102,2,0,0,0,315,0,0,0,0,147,0,0,0,0,0,0,0,0,19,0,0,0,106,0,47,0,100,0,0,246,0,0,0,0
"Cell33","Group2",88,0,0,0,469,0,0,0,0,58,0,240,434,0,0,0,0,0,17,173,344,0,145,0,0,0,0,0,0,157,0,0,0,128,0,0,0,0,37,149,0,33,270,0,189,6575,140,45,0,0,0,2796,540,0,0,266,50,0,0,610,0,0,0,164,0,0,0,23,0,0,0,0,0,0,303,0,274,65,645,0,0,255,0,5059,217,0,58,0,3113,0,0,0,0,0,0,135,376,0,0,0,0,0,38,6330,0,0,0,0,0,0,0,0,0,0,0,0,0,0,0,80,0,0,2491,0,0,208,0,0,0,0,0,0,0,342,316,0,130,2536,0,0,136,162,0,0,0,0,0,0,0,0,0,3882,279,0,373,0,0,376,265,736,0,389,2215,0,0,0,0,0,0,0,558,0,265,124,0,0,0,0,307,0,89,0,0,41,0,19,0,44,0,13,0,0,194,0,0,0,0,0,481,0
"Cell34","Group1",0,0,0,0,0,52,0,0,0,0,58,250,532,147,0,0,670,0,0,322,409,0,0,0,0,147,66,85,47,0,0,0,0,0,0,0,0,0,0,0,0,0,0,148,0,8959,208,0,19,0,0,3577,592,48,0,349,117,0,0,1308,0,0,0,0,0,223,0,0,0,146,0,131,0,0,330,0,347,64,818,60,0,318,0,7098,202,0,0,0,3745,167,0,0,37,0,0,0,582,0,203,0,0,0,0,7774,0,201,0,77,0,0,49,0,0,0,0,0,0,0,0,0,0,87,3620,0,0,199,0,476,0,0,0,0,33,0,348,0,0,2522,112,0,191,136,0,0,0,0,485,0,0,0,0,4477,0,0,419,0,0,0,0,937,118,578,3047,0,63,184,0,0,44,0,0,0,349,163,0,289,0,250,320,0,174,0,0,30,0,0,0,48,196,0,0,308,196,0,91,492,0,0,2085,99
"Cell35","Group1",0,0,0,0,535,0,0,0,0,0,0,200,619,135,71,0,501,0,0,0,279,0,157,0,69,104,0,76,0,0,0,0,0,0,0,0,204,0,32,155,0,146,280,0,238,6465,167,80,0,0,0,3336,778,23,0,0,90,0,0,1085,0,0,0,0,0,0,148,0,0,0,0,100,0,0,194,0,243,0,730,0,0,0,0,6383,0,0,0,0,2685,127,0,0,0,0,0,0,462,14,109,0,0,0,0,7175,0,0,0,0,0,0,0,0,0,0,0,0,0,0,0,83,0,0,0,0,0,255,0,0,0,0,0,0,0,288,0,0,0,2610,0,0,0,72,0,0,0,0,437,0,0,0,0,3999,0,0,437,0,0,398,0,1010,0,524,2412,54,0,163,0,0,0,0,358,0,0,0,0,241,0,0,0,0,0,0,0,0,0,0,0,0,0,0,0,0,0,0,0,561,0,30,2187,0
"Cell36","Group2",0,0,0,0,452,0,0,0,0,0,0,0,547,0,0,0,191,0,0,328,0,0,200,0,73,82,0,0,0,0,0,0,0,172,0,0,282,30,0,120,0,0,220,95,0,6210,190,0,0,0,0,3353,700,0,0,288,77,54,0,525,0,0,0,240,0,0,0,31,0,0,0,0,0,103,173,0,274,0,709,0,0,288,34,6391,133,0,72,0,3834,132,0,0,0,0,0,0,0,0,0,212,0,0,0,6786,0,236,0,69,0,0,0,0,0,0,0,0,239,0,0,108,0,0,2876,0,0,182,0,328,0,0,0,0,0,0,260,0,96,2314,80,0,167,153,0,46,0,0,395,0,270,0,0,4076,0,0,451,0,0,437,0,0,0,478,2349,32,0,0,0,0,0,0,494,0,229,0,0,222,0,0,338,0,90,11,0,34,40,0,0,0,214,33,79,285,158,0,0,295,0,0,539,0
"Cell37","Group2",0,0,0,0,654,0,0,0,0,0,82,247,687,0,27,0,0,0,0,307,295,0,0,0,0,0,0,0,0,0,0,0,56,0,99,0,356,0,46,133,0,0,384,0,294,7381,273,0,0,0,82,5052,819,0,0,0,104,48,0,900,0,0,0,0,0,0,175,0,0,0,0,0,0,96,0,0,0,0,799,89,21,346,0,6967,144,0,106,106,3175,174,0,0,0,0,0,191,488,0,169,195,0,0,0,8311,0,170,0,0,0,0,0,0,0,0,0,65,265,0,0,177,0,0,2673,0,0,223,0,227,58,0,0,0,0,446,272,0,158,3012,0,0,176,0,0,80,0,0,446,0,269,103,0,4559,263,0,574,0,0,536,0,1153,60,583,0,35,0,174,0,29,0,0,406,24,285,0,0,295,0,198,0,0,0,10,0,0,56,0,0,0,206,0,0,267,0,0,0,453,0,0,608,0
"Cell38","Group1",0,0,0,0,598,0,0,0,0,0,46,281,0,176,0,0,471,0,0,0,323,0,129,0,0,81,0,0,0,0,0,0,0,181,75,0,217,0,0,0,0,114,269,107,301,6884,207,59,8,0,68,3262,672,0,0,271,73,55,0,1125,40,104,78,0,0,0,0,0,0,138,0,107,0,0,0,0,0,0,623,0,0,221,0,5469,0,0,0,0,2465,0,0,0,0,65,0,0,0,0,0,158,0,0,0,7063,0,0,0,79,0,0,41,0,0,0,0,0,0,0,0,83,0,0,0,0,225,0,0,255,38,0,0,0,0,294,0,0,110,2127,0,0,160,0,0,52,0,0,310,0,188,0,0,3413,0,0,544,0,0,308,356,977,80,484,2379,0,0,147,0,0,0,0,310,0,254,156,0,0,0,0,245,0,277,0,0,0,0,0,6,61,136,0,0,249,197,5,0,309,0,0,1978,77
"Cell39","Group1",0,0,0,0,0,0,0,0,0,0,0,0,0,0,0,0,374,0,0,193,0,0,0,0,41,0,0,0,0,0,0,0,0,0,0,0,134,0,0,86,0,67,0,67,0,4862,129,44,0,0,0,2267,0,0,0,154,0,0,0,809,0,97,0,0,0,132,123,0,0,130,0,0,0,0,182,0,234,38,464,47,0,222,0,4113,0,0,0,0,2143,49,0,0,0,0,0,0,305,0,49,0,0,0,0,4321,0,0,0,0,0,0,0,0,0,0,35,0,131,0,0,0,0,41,2106,0,0,0,0,0,0,0,6,0,0,308,148,0,0,1660,36,0,0,0,0,0,0,0,227,0,91,0,27,2328,0,132,324,0,0,0,307,594,0,0,1476,0,0,0,0,0,0,0,286,0,0,0,0,0,0,0,174,0,166,0,0,0,0,0,0,0,148,0,0,0,84,0,0,269,0,0,0,0
"Cell40","Group1",104,0,0,0,524,68,0,0,0,0,0,188,478,0,0,0,0,0,0,0,0,0,167,11,0,0,0,0,0,0,0,0,0,169,0,0,309,0,0,157,0,191,281,0,0,6824,0,47,0,52,80,3426,689,0,0,354,0,0,0,0,23,124,89,253,0,195,142,0,0,139,0,0,0,113,246,0,377,0,860,0,0,283,35,6051,0,0,0,0,2988,127,12,98,0,0,0,112,525,0,0,239,0,0,0,5739,0,0,0,0,0,0,0,0,0,31,0,51,0,0,0,102,0,0,0,0,201,0,0,243,0,0,0,0,0,0,221,0,0,2374,0,0,0,0,0,0,0,0,0,0,252,104,0,3809,259,103,547,0,0,494,292,0,0,0,2536,0,87,171,0,0,0,0,535,0,0,0,0,303,0,0,250,0,0,10,0,0,0,0,0,0,0,0,89,229,170,0,0,0,0,0,2210,0
"Cell41","Group1",0,0,0,0,727,0,0,0,0,0,0,0,589,179,36,32,401,11,0,0,0,30,0,0,0,0,0,0,0,0,0,0,0,195,100,27,273,0,0,124,0,120,286,0,253,7372,162,60,0,0,0,3610,623,0,0,305,0,0,0,1131,0,0,77,197,0,221,166,15,0,0,0,0,0,0,296,0,316,0,0,65,0,259,29,6849,0,0,96,0,3371,0,0,91,0,61,0,201,387,0,70,0,0,85,0,7115,0,175,0,67,0,0,0,0,0,0,49,0,204,0,0,94,0,54,2595,0,194,244,0,294,0,0,0,0,23,348,0,0,0,2897,0,0,0,0,0,0,0,0,480,69,242,0,0,4961,263,0,0,0,0,479,0,753,0,682,2046,0,0,163,0,35,0,0,451,30,0,0,0,0,0,221,337,0,270,0,0,0,0,0,0,0,232,0,64,362,0,0,0,494,0,0,1903,0
"Cell42","Group2",0,0,0,0,565,0,0,0,37,55,0,0,395,157,0,0,157,0,0,0,262,0,0,0,85,0,0,54,0,217,0,0,0,0,0,0,0,0,0,98,0,0,269,122,0,5511,199,0,0,0,121,3281,0,0,0,259,0,0,0,726,37,107,0,181,0,175,139,44,0,0,0,0,0,50,0,0,303,0,497,0,0,268,0,6687,0,0,0,0,2874,136,0,0,6,0,0,91,342,0,0,157,0,0,0,5829,0,0,0,0,0,0,0,0,0,0,0,0,236,0,0,109,0,0,2550,0,197,0,0,0,0,0,0,0,0,361,141,0,67,2957,0,0,0,143,0,0,0,0,336,0,215,73,0,4248,191,0,435,20,0,349,267,680,0,530,2362,42,0,148,0,0,27,0,0,0,208,0,0,170,0,150,267,0,0,0,0,0,0,49,0,0,204,0,0,0,0,0,0,335,0,0,0,0
"Cell43","Group1",111,0,0,0,633,100,0,0,62,0,0,204,538,142,44,36,510,0,0,311,291,0,0,0,0,119,0,0,0,243,0,0,0,220,0,0,252,0,56,146,0,158,296,0,191,7898,164,51,0,0,0,3909,760,32,0,0,89,0,0,1439,0,145,0,311,0,234,0,0,0,208,0,0,0,0,226,0,330,0,706,0,0,271,0,7333,0,0,104,0,2390,148,0,0,0,0,0,128,345,0,101,0,0,0,0,6725,0,0,0,0,0,0,61,0,0,0,0,0,0,0,0,0,0,0,2978,0,0,0,0,0,0,0,0,0,0,383,414,0,0,2790,0,0,161,128,0,93,0,0,0,75,186,0,0,4601,0,0,0,0,0,0,329,912,69,391,2281,0,0,0,0,25,24,0,0,0,305,0,0,352,0,0,265,0,212,0,0,0,38,0,0,61,0,0,57,203,0,8,0,466,0,0,2231,0
"Cell44","Group2",136,0,0,0,532,0,0,9,0,0,50,141,589,140,0,0,219,0,0,0,216,0,0,0,0,0,0,71,0,136,0,0,0,0,56,0,127,0,0,81,0,0,0,0,332,4821,165,45,0,55,100,2899,594,0,0,258,0,0,0,462,46,0,0,235,0,177,151,25,0,156,0,0,0,0,204,0,190,0,534,0,0,347,0,6271,0,0,0,0,2345,133,0,0,0,0,0,0,0,0,98,0,0,0,44,4743,0,0,0,85,0,0,0,0,0,0,0,0,188,0,0,0,0,64,2673,0,188,185,0,133,0,0,0,0,0,0,0,0,0,2389,0,0,132,152,0,55,0,0,317,0,152,0,0,3049,233,0,0,0,0,458,0,647,0,337,2191,0,0,0,0,0,0,0,307,0,0,0,0,104,0,164,259,0,0,0,0,0,0,0,0,0,175,0,0,0,0,0,0,351,0,0,460,0
"Cell45","Group1",0,0,0,0,0,66,0,0,76,0,0,0,522,0,0,0,467,0,0,0,0,0,185,0,0,0,0,0,0,0,0,0,0,170,0,50,0,0,0,126,0,106,0,0,325,7380,0,44,0,0,0,2870,791,0,0,387,0,0,9,0,0,0,0,0,0,0,0,26,0,0,0,0,0,0,0,0,403,0,696,0,0,302,0,6073,167,0,136,102,2377,145,0,0,31,0,0,0,406,0,0,156,9,0,76,5603,27,148,0,0,0,0,0,0,0,0,51,41,0,0,0,0,0,0,3794,0,192,0,0,0,0,0,0,0,0,494,0,0,150,2072,95,9,0,148,0,0,0,0,355,0,199,75,0,4416,270,0,352,0,0,599,0,832,0,611,3074,0,0,0,0,0,30,0,464,17,230,0,0,224,0,211,0,0,246,0,35,0,0,8,0,0,201,0,0,300,0,0,97,0,0,0,1980,0
"Cell46","Group1",0,0,0,0,649,0,0,0,0,0,0,255,414,0,0,64,516,0,0,249,269,0,203,0,0,85,0,0,0,286,0,0,0,0,77,0,302,0,0,117,0,0,314,0,200,7543,180,0,0,0,0,3310,0,0,0,281,0,0,0,1166,0,0,0,0,0,0,213,0,0,178,57,57,0,0,0,0,273,0,713,0,0,362,0,6685,99,0,84,129,2462,0,0,0,0,0,0,0,410,16,140,216,0,54,33,6826,30,0,0,69,0,0,58,0,0,0,0,46,0,0,0,0,0,0,3515,0,188,144,0,0,0,0,0,0,0,446,213,0,0,2694,60,0,0,103,0,0,0,0,0,135,0,0,0,3721,248,0,466,0,0,0,409,906,61,586,2019,41,66,0,0,0,0,23,502,0,0,0,0,0,0,0,487,0,185,0,44,0,0,8,0,0,129,0,64,243,0,0,0,363,0,0,0,105
"Cell47","Group2",90,0,0,0,487,0,0,0,27,30,0,150,413,126,9,0,0,0,0,0,0,0,0,0,44,0,0,0,0,0,0,0,0,147,0,0,130,15,0,155,0,0,0,84,0,4457,0,0,17,0,0,2371,500,0,0,238,60,0,4,569,0,126,0,176,0,0,0,0,0,0,0,0,0,101,169,0,248,0,505,0,0,206,0,5080,0,0,59,51,2354,0,0,0,0,43,0,0,270,0,107,119,0,0,0,5717,0,0,4,0,0,0,0,0,0,0,0,0,0,0,0,0,0,0,1814,0,0,0,0,167,0,0,0,2,0,0,0,0,0,1947,0,9,0,111,0,0,0,0,424,0,160,0,0,2568,0,0,0,0,0,285,262,568,0,408,1968,0,0,92,0,8,0,0,0,0,236,0,0,0,0,145,0,0,0,0,0,0,0,0,0,0,0,0,0,0,0,0,0,249,0,0,488,0
"Cell48","Group2",88,0,0,0,516,35,0,0,0,0,0,225,460,0,0,0,0,20,0,221,197,0,91,0,0,0,0,0,39,0,0,0,0,168,61,0,0,0,0,84,0,0,0,0,236,5947,199,0,0,0,0,0,382,28,0,0,0,0,0,568,0,110,0,151,0,0,112,23,0,174,0,0,0,0,179,0,223,0,541,0,0,283,0,4860,168,0,0,102,2209,0,0,64,0,0,0,97,290,0,0,0,0,0,0,5500,0,0,0,64,0,0,0,0,0,0,0,0,193,0,0,0,0,0,2014,0,0,0,0,140,0,0,0,0,0,295,241,0,0,0,0,16,0,0,0,45,0,0,0,0,0,0,0,3820,173,0,0,0,0,530,0,0,0,0,1868,38,0,167,0,0,0,0,0,0,0,132,0,0,0,124,0,15,74,0,0,0,0,0,0,0,113,0,0,0,149,0,0,0,0,0,339,67
"Cell49","Group2",0,0,0,0,800,75,26,0,0,0,0,255,856,0,0,0,220,0,0,232,334,0,210,0,0,0,0,0,0,289,0,0,0,209,0,0,241,0,65,0,0,0,335,165,0,7574,0,0,0,49,112,3873,588,0,0,289,0,0,0,655,44,144,0,0,0,247,245,0,0,200,48,88,0,122,0,0,292,0,861,0,0,338,0,5688,157,0,0,0,3015,0,0,0,0,0,27,0,0,0,0,336,0,0,0,7110,0,163,0,64,0,0,0,0,0,0,0,0,220,0,12,112,0,94,2873,0,0,0,0,202,0,0,0,0,0,0,329,0,142,2442,0,0,0,0,0,0,0,0,0,0,203,0,0,5282,0,151,422,0,0,516,436,1047,0,620,2879,0,0,0,0,0,27,0,0,0,266,127,0,282,0,237,325,0,112,0,0,0,0,0,0,0,264,0,0,0,0,0,0,453,0,34,507,0
"Cell50","Group2",0,0,13,0,335,0,0,0,0,0,0,176,338,0,0,30,125,0,0,0,0,0,0,0,0,61,0,0,24,130,0,0,0,95,0,0,0,23,0,62,0,0,200,0,0,4521,153,0,0,0,89,2218,383,0,0,201,0,0,0,641,0,81,0,150,0,140,112,0,0,107,0,56,0,0,153,0,0,0,446,0,0,292,0,4219,119,0,0,106,2368,0,0,0,0,0,0,0,287,0,93,120,0,0,0,4297,5,0,0,0,0,0,0,0,0,20,35,32,0,0,0,58,0,53,1749,0,173,0,0,0,27,0,0,0,0,262,209,0,75,0,0,0,0,102,0,51,0,0,392,41,0,52,0,0,166,0,0,34,0,312,0,599,0,0,1928,0,0,0,0,0,38,0,285,18,146,62,0,141,0,158,0,0,0,0,19,0,0,0,0,0,103,0,0,225,146,0,0,284,0,0,297,46
"Cell51","Group2",138,0,0,0,0,80,0,0,0,0,0,270,356,0,0,40,0,0,0,230,0,0,191,0,0,0,0,0,0,238,0,0,51,200,53,0,202,0,0,80,0,52,0,0,249,6166,0,0,0,0,0,2833,0,0,0,0,60,0,0,620,0,0,0,128,0,214,0,16,0,0,0,69,0,59,283,0,0,0,606,49,0,269,24,5514,0,0,0,0,0,0,0,88,0,0,0,99,375,0,0,0,0,0,64,6815,0,0,0,72,0,0,0,0,0,28,0,0,0,0,0,0,0,0,2248,0,0,210,0,170,0,0,0,0,0,340,0,0,90,1925,0,0,0,0,0,0,0,0,327,0,197,60,0,3149,239,126,0,0,0,371,0,900,42,488,2673,0,0,184,0,0,0,0,366,0,0,140,0,0,0,0,0,0,0,0,0,52,0,0,0,41,0,0,52,221,0,0,84,342,0,0,397,0
"Cell52","Group1",165,0,0,0,709,116,0,0,0,78,56,320,662,249,81,0,481,24,0,367,0,0,211,0,93,97,0,0,0,0,0,0,0,239,0,0,271,0,0,126,0,0,413,207,0,9938,0,0,0,0,148,4307,869,0,0,365,0,0,0,1436,0,0,95,0,0,302,0,0,0,225,81,104,0,125,357,0,300,0,914,0,0,431,0,8014,0,0,0,0,3336,0,0,208,0,72,16,0,0,0,0,301,0,0,0,8844,0,201,0,0,0,0,0,0,0,0,87,0,300,0,0,0,0,0,3864,0,0,269,0,408,63,0,0,12,0,507,0,0,0,3044,107,0,0,151,0,0,0,0,527,70,0,0,0,3738,336,0,350,0,0,767,500,1208,0,821,3056,0,92,0,0,0,53,0,0,0,338,0,0,362,0,261,435,0,243,0,69,31,0,32,0,0,218,0,116,0,231,0,116,623,0,0,2645,103
"Cell53","Group2",102,0,0,0,704,0,0,0,70,0,37,0,0,153,0,0,179,0,0,0,264,0,256,0,0,0,0,0,0,0,0,0,0,175,60,0,202,0,0,0,0,63,248,169,246,8770,0,0,0,0,0,3604,743,0,0,0,92,0,0,0,36,0,0,0,0,0,171,0,0,239,0,0,0,0,0,0,417,0,787,0,0,287,0,7078,0,0,0,0,2646,0,0,0,0,58,0,182,0,0,148,0,0,61,79,8407,0,171,0,0,0,0,0,0,0,0,59,62,0,0,0,93,0,71,2783,0,0,0,0,216,0,0,0,0,25,341,0,0,0,2634,0,0,0,229,0,0,0,0,519,0,243,0,0,4021,288,0,407,0,14,566,366,1009,0,0,2607,61,0,0,0,22,0,0,592,0,0,0,0,246,0,0,304,0,0,0,0,0,0,0,0,0,223,0,85,244,0,0,99,418,0,0,556,129
"Cell54","Group1",0,0,0,0,0,0,0,0,41,0,0,0,617,0,0,0,632,0,0,0,399,0,124,0,0,0,0,122,0,227,0,0,0,0,90,0,278,39,0,0,0,0,0,0,158,9355,185,81,0,53,0,3990,0,50,0,250,0,0,0,1546,0,0,0,314,0,0,0,0,0,0,0,0,0,0,255,0,424,52,759,0,0,362,31,6339,209,0,118,0,0,226,0,0,0,46,0,193,464,0,113,213,2,0,0,7918,0,154,0,0,0,0,0,0,0,0,0,0,187,0,0,0,0,0,3966,0,0,0,0,441,0,0,0,9,0,0,286,0,157,3057,63,0,0,0,0,0,0,0,361,40,0,0,0,4906,0,141,551,0,0,491,550,950,0,530,2504,66,110,105,0,0,25,0,447,12,0,0,0,444,0,189,408,12,153,0,0,48,38,0,0,0,140,0,130,304,175,0,0,0,0,0,2771,0
"Cell55","Group1",0,0,0,0,542,0,0,0,39,0,0,152,0,217,0,0,380,0,0,209,280,0,0,0,0,67,0,0,0,0,0,0,64,0,0,0,333,0,0,0,0,0,331,104,246,6184,0,0,0,0,0,2758,539,0,0,289,0,0,0,846,0,0,0,201,0,0,129,0,0,176,37,63,0,100,274,0,371,61,551,0,0,0,0,6916,173,0,0,135,2928,136,0,0,0,45,16,129,448,0,0,0,0,0,0,6440,16,147,0,0,0,0,0,0,0,0,0,0,0,0,0,0,0,0,2571,0,0,178,0,0,0,0,0,0,0,319,297,0,0,3002,69,0,150,0,0,0,0,0,0,0,0,0,0,4323,246,0,368,41,0,466,276,968,0,531,2559,41,68,0,0,0,0,0,363,0,0,0,0,0,0,217,433,0,0,0,44,0,0,0,0,0,0,0,0,0,142,0,66,507,0,0,2183,94
"Cell56","Group2",0,0,38,0,735,0,0,0,0,0,0,0,724,194,0,0,308,0,0,332,340,0,0,0,113,0,0,0,0,290,0,0,0,224,0,0,0,0,0,0,0,63,367,0,302,9966,0,66,0,0,0,5209,0,0,0,355,0,0,0,750,0,0,0,0,0,0,259,0,0,0,0,0,0,90,0,0,330,0,1126,0,0,462,0,8750,234,0,132,0,4050,172,0,0,0,0,0,0,474,0,0,283,0,0,0,8768,0,0,0,0,0,0,0,0,0,0,0,108,0,0,0,153,0,0,3220,0,219,189,0,254,0,0,0,0,24,473,354,0,0,0,0,0,233,0,0,81,0,0,531,0,0,0,0,5457,312,145,481,0,0,614,521,1156,0,836,3043,0,0,0,0,0,0,0,465,30,290,186,0,385,0,0,433,0,0,0,0,0,0,37,0,0,0,0,122,0,0,0,0,656,0,46,763,0
"Cell57","Group1",100,0,0,0,563,67,0,0,0,0,0,302,491,199,0,0,0,0,0,0,274,0,149,0,77,0,0,0,0,0,0,0,0,0,0,0,216,40,57,0,0,0,0,0,250,7913,189,0,0,0,0,3711,809,0,0,249,0,0,0,1280,0,0,0,0,0,162,181,0,0,195,62,0,0,94,0,0,250,0,851,0,0,434,0,6215,0,0,0,0,3320,172,0,187,0,82,0,0,493,0,0,283,0,0,80,0,0,219,0,95,0,0,57,33,6,0,0,0,210,0,0,138,0,109,2960,0,208,0,0,372,0,0,0,0,0,311,279,0,0,2265,0,0,0,173,0,0,0,0,496,0,0,80,38,4508,0,178,650,0,0,489,319,1180,0,449,2690,0,0,0,0,0,0,0,0,0,230,0,0,312,0,226,450,0,229,0,0,0,0,0,0,0,158,0,109,0,197,0,0,0,0,0,2684,94
"Cell58","Group2",165,0,0,0,425,0,0,0,0,31,0,0,442,0,0,0,221,0,0,0,165,0,116,0,79,0,31,0,26,203,0,0,0,126,0,0,243,0,0,142,0,0,236,147,0,6017,0,0,0,0,0,2368,777,0,0,214,0,0,0,394,0,0,0,116,0,0,0,0,0,0,0,0,0,0,292,0,357,0,729,69,0,0,0,5754,108,0,86,0,2708,141,0,86,0,0,0,137,0,0,0,148,0,0,73,5669,0,118,0,0,0,0,44,0,0,0,0,72,0,0,0,0,0,0,2204,0,239,181,0,0,0,0,0,0,0,0,0,0,0,2356,87,0,148,0,0,58,0,0,445,0,0,63,0,0,0,106,384,0,0,520,0,731,74,490,0,48,66,0,0,21,0,0,319,0,180,0,0,282,0,197,316,23,41,0,0,0,35,36,0,41,0,0,0,180,0,0,0,301,0,0,579,31
"Cell59","Group1",96,0,0,0,0,0,16,0,0,0,0,193,399,113,41,0,0,0,0,0,174,0,109,0,0,0,0,0,0,122,0,0,0,0,30,0,210,0,0,96,0,99,216,0,209,6200,172,0,0,0,0,0,0,0,0,214,0,0,0,0,0,78,0,0,0,201,152,0,0,0,26,0,0,0,165,0,277,0,592,0,0,199,0,4126,0,5,0,0,2793,0,0,0,0,0,0,78,326,0,124,163,0,36,39,4163,0,0,0,0,0,0,59,0,0,0,40,55,196,0,0,0,0,0,0,0,231,0,0,0,0,0,0,0,0,313,0,0,0,1656,0,0,138,102,0,0,0,0,0,0,0,0,10,3128,192,0,0,0,0,484,0,535,0,0,0,0,0,112,0,0,31,0,290,0,172,90,0,173,0,0,329,0,137,0,0,0,27,0,0,0,0,0,0,218,0,0,55,0,0,0,1749,0
"Cell60","Group2",0,0,0,0,698,75,0,0,43,0,62,0,567,0,0,31,0,0,0,0,266,0,0,0,0,88,30,0,40,302,0,0,0,168,0,18,0,0,0,128,0,40,239,0,232,6362,0,65,0,0,87,4303,0,0,0,216,0,43,0,0,0,0,85,0,0,197,0,0,0,0,60,0,0,67,0,0,328,0,561,0,0,279,0,6068,142,2,106,0,2446,160,0,107,0,0,0,0,0,0,88,238,0,0,0,8061,0,0,0,0,0,0,0,24,0,43,0,56,162,0,0,0,0,0,3044,0,199,155,0,0,0,0,0,0,10,396,298,0,0,3124,0,0,0,148,0,44,0,0,382,0,0,0,27,4358,281,0,443,0,0,434,432,0,0,456,2791,49,0,0,0,0,0,0,307,0,208,0,0,0,0,0,0,0,0,0,0,0,0,0,0,0,0,0,80,217,199,0,117,347,0,0,585,0
"Cell61","Group1",0,0,0,0,807,76,0,0,0,0,0,0,585,176,0,59,715,0,0,316,0,0,0,0,0,0,0,0,0,358,0,0,83,252,0,0,256,38,0,241,0,0,411,0,300,11417,0,0,0,101,0,4294,814,0,0,335,0,0,0,1366,0,0,0,327,0,294,201,0,0,0,0,0,0,130,399,0,336,0,936,0,0,278,0,7229,211,0,152,0,3544,185,0,181,0,0,0,0,629,0,0,254,0,0,0,11236,0,259,0,95,0,0,0,34,0,0,0,0,332,0,0,0,0,0,4126,0,457,242,0,302,0,0,0,0,0,477,310,0,0,3156,110,35,0,0,0,0,0,0,0,0,0,0,0,5398,256,180,628,0,11,737,513,1017,0,0,3517,0,0,167,0,0,0,0,0,0,357,200,0,453,0,187,335,0,355,0,60,0,38,0,0,113,0,0,78,0,0,0,141,538,0,0,3623,84
"Cell62","Group1",109,0,0,0,669,0,0,6,0,68,0,228,515,189,0,0,394,0,0,0,270,0,0,0,77,0,0,0,0,250,0,0,0,0,0,0,0,0,0,0,0,0,0,120,246,8664,184,0,0,46,95,3831,528,0,0,225,66,0,0,1068,0,126,132,262,0,0,0,0,0,172,0,80,0,0,260,0,0,51,736,48,0,0,32,6159,0,0,111,125,3242,0,0,0,0,0,0,0,438,0,0,173,0,0,0,8801,0,143,0,0,0,0,0,24,0,0,0,0,239,0,0,114,0,0,2856,0,234,0,0,276,0,0,0,0,0,318,229,0,100,2440,90,0,0,0,0,53,0,0,385,59,252,0,0,3782,306,0,508,0,0,570,291,895,0,608,2194,0,0,144,0,0,0,0,336,0,284,0,0,0,0,214,256,0,215,0,0,0,0,0,0,71,0,0,0,0,195,0,124,415,0,0,1822,0
"Cell63","Group1",0,0,0,0,491,56,0,0,0,0,0,0,0,133,0,0,365,0,0,255,195,0,0,0,0,0,0,0,55,161,0,0,0,171,58,0,182,0,0,0,0,92,0,0,0,7243,165,0,0,0,0,2813,0,0,0,0,0,0,0,0,0,0,0,198,0,197,195,0,0,0,0,0,0,0,191,0,0,0,491,0,0,209,0,5517,126,0,62,0,2134,85,0,0,0,0,0,0,0,0,0,148,0,69,0,5443,0,0,0,51,0,0,0,0,0,0,0,0,0,0,0,92,0,0,2276,0,0,182,0,0,0,0,0,0,0,293,0,0,93,1787,0,0,0,77,0,0,0,0,398,76,179,58,0,3831,181,87,0,9,0,0,211,920,0,0,1670,0,0,97,0,0,0,0,273,0,0,0,0,198,0,0,0,0,189,0,0,0,0,0,0,0,0,0,86,180,159,0,43,291,0,0,1869,0
"Cell64","Group2",0,0,0,5,0,0,0,0,39,0,0,285,368,105,0,0,0,0,0,247,219,0,146,9,0,74,0,0,0,0,0,0,75,0,0,0,173,0,53,0,0,0,277,135,0,6796,0,54,0,0,0,3633,0,0,0,231,0,0,0,654,0,0,0,0,0,214,0,0,0,0,0,0,0,111,0,0,302,0,597,0,0,233,0,5475,182,0,0,91,2995,221,0,0,0,53,0,95,470,0,107,114,0,0,0,6523,0,174,0,89,0,0,0,0,0,23,0,0,0,0,0,0,0,0,2423,0,232,0,0,214,0,0,0,0,22,269,0,0,80,2359,0,0,135,0,0,0,0,0,0,58,203,71,0,3808,218,0,410,0,0,346,0,658,0,583,2157,0,0,0,0,33,39,0,0,0,258,0,0,0,0,179,290,0,60,0,0,23,42,0,0,0,164,0,67,247,0,0,54,331,0,0,412,0
"Cell65","Group1",85,0,0,0,319,0,0,0,0,38,0,157,345,0,0,0,0,0,0,212,207,0,197,0,0,90,23,0,0,0,0,0,26,103,0,0,131,0,0,0,0,0,0,92,188,5642,0,0,0,35,0,2270,403,0,0,283,0,0,0,1045,0,0,0,181,0,0,0,0,0,0,0,0,0,59,174,0,0,32,517,0,0,0,0,4166,109,0,0,0,2238,0,0,0,0,58,0,0,0,0,59,0,0,49,0,5303,0,145,0,0,0,0,0,0,0,0,0,29,0,0,0,0,0,73,2036,0,0,0,0,0,0,0,0,0,0,0,0,0,0,1873,0,0,97,0,0,0,0,0,401,0,0,0,0,3339,179,99,257,0,0,0,0,0,56,326,1741,38,0,0,0,0,0,0,293,0,127,0,0,216,0,0,0,0,0,0,0,0,0,0,0,0,0,0,0,0,0,0,0,0,0,0,1483,0
"Cell66","Group2",92,0,0,0,0,0,0,0,0,0,0,0,0,0,0,0,0,0,0,165,0,0,57,0,62,0,0,0,22,0,0,0,35,99,0,0,129,0,0,0,0,0,0,132,0,4390,182,39,0,0,0,2645,448,0,0,0,61,0,0,0,0,0,0,0,0,0,0,0,0,0,0,0,0,0,0,0,201,0,0,0,0,0,0,4878,0,0,71,109,2207,0,0,66,0,0,0,0,289,0,0,0,0,0,0,4173,0,0,0,0,0,0,0,16,0,0,0,0,129,0,0,52,0,0,2042,0,0,0,0,126,33,0,0,0,0,246,201,0,0,1892,0,0,0,105,0,0,0,0,333,57,198,0,0,2421,164,92,235,0,0,0,0,578,0,426,1715,0,0,0,0,0,0,0,0,0,0,86,0,161,0,0,0,0,0,0,0,22,0,0,0,32,0,0,0,0,0,0,0,233,0,0,411,0
"Cell67","Group1",0,0,0,15,566,61,0,0,42,0,0,305,418,0,46,23,512,0,0,0,231,0,0,0,0,0,0,51,0,176,0,0,60,0,0,0,307,0,0,146,0,0,0,0,202,7583,155,0,0,0,0,3339,0,0,0,0,0,45,0,1017,0,111,0,187,0,231,0,0,0,0,0,0,0,67,241,0,0,0,589,0,0,248,53,6587,135,0,0,0,3163,101,0,0,0,0,0,157,458,0,0,0,0,0,0,6883,17,178,0,100,0,0,0,0,0,0,0,0,218,0,0,100,0,0,3102,0,220,169,0,0,0,0,0,0,0,289,241,0,0,2070,83,0,0,112,0,0,0,0,441,0,210,0,0,4188,309,0,335,0,0,461,335,800,0,0,2574,42,35,0,0,14,0,0,0,0,295,128,0,368,0,0,274,0,0,0,0,57,0,0,0,0,0,0,0,0,174,0,0,364,0,0,1996,0
"Cell68","Group1",77,0,0,0,520,0,0,0,0,0,58,0,0,161,0,0,522,0,0,274,304,15,153,0,0,0,0,0,0,0,0,0,0,194,0,17,176,0,0,129,0,0,0,76,156,6710,0,67,0,71,0,4151,656,0,0,0,0,0,0,1072,0,152,0,217,0,0,170,0,0,139,0,0,0,77,202,0,334,62,744,0,4,206,0,4951,100,0,0,0,3291,141,0,86,0,48,0,89,397,0,84,204,0,0,0,6893,0,0,0,65,0,0,0,0,0,0,0,0,216,0,0,75,0,0,2673,0,0,262,0,313,0,0,0,0,0,331,0,0,83,2711,0,0,119,109,0,0,0,0,359,0,220,0,33,4516,0,140,464,0,0,543,292,717,55,528,2966,0,51,156,0,32,0,0,521,0,240,122,0,319,0,0,280,0,221,0,0,0,0,0,0,54,0,0,0,289,0,0,0,397,0,30,2627,124
"Cell69","Group2",0,0,0,0,508,0,0,0,0,0,0,214,0,147,0,43,183,0,0,231,255,0,202,0,97,0,0,0,0,0,0,0,50,150,0,0,196,0,0,0,0,0,359,84,282,7250,0,50,0,0,83,2295,563,0,0,297,0,0,0,616,0,0,82,0,0,0,0,0,0,139,0,0,0,0,180,0,343,0,470,56,0,374,21,6704,174,0,112,0,3096,0,0,0,0,0,0,0,443,0,151,204,0,0,58,8155,0,180,0,0,0,0,38,0,0,0,0,0,223,0,0,0,0,0,3196,0,195,189,0,0,0,0,0,0,0,0,196,0,0,2240,0,0,0,0,0,0,0,0,467,0,0,0,0,4449,328,0,498,0,0,530,0,841,0,337,2721,0,0,163,0,0,0,0,401,39,260,109,0,205,0,0,0,47,77,15,0,44,0,0,0,25,0,0,83,0,0,8,0,293,0,0,533,0
"Cell70","Group2",71,0,15,0,487,0,25,0,0,0,0,0,0,0,0,0,191,0,0,0,181,0,109,0,63,55,0,65,0,0,0,0,0,135,71,0,162,0,0,0,0,0,266,133,149,5747,0,0,0,0,0,2931,440,0,0,209,0,0,0,0,0,110,0,150,0,100,0,0,0,0,0,0,0,56,195,0,337,0,505,0,0,0,0,5299,0,0,0,54,2618,0,0,0,0,0,0,0,329,11,111,206,0,0,0,5448,0,193,0,0,0,0,0,0,0,0,0,0,0,0,0,0,0,0,2120,0,231,0,0,0,0,0,0,21,0,263,0,0,84,2505,68,0,0,0,0,38,0,0,351,0,0,0,0,3578,189,0,314,0,0,343,0,0,62,0,2076,36,0,0,0,0,0,0,292,0,204,0,0,0,0,161,275,0,85,0,47,0,0,0,0,32,153,0,59,0,0,0,62,330,0,0,355,0
"Cell71","Group1",206,24,40,0,0,0,0,0,0,0,93,293,674,177,46,0,688,23,0,391,430,21,0,0,140,0,0,0,0,0,0,0,0,0,108,0,293,47,0,0,0,213,0,0,0,9536,336,84,0,0,0,4651,975,36,0,420,67,55,0,1486,0,102,155,0,0,323,241,0,0,0,0,97,0,0,471,0,312,0,1043,50,0,367,0,7701,171,0,110,0,5043,0,0,146,0,83,0,0,554,0,0,260,0,0,0,9046,0,0,0,111,0,0,0,22,0,0,0,0,0,0,0,126,0,0,3355,0,0,0,0,450,0,0,0,0,0,479,352,0,174,3313,99,17,0,154,0,118,0,0,527,0,278,79,0,4086,382,142,645,0,0,642,376,1133,0,523,3125,84,96,222,0,0,49,0,601,0,368,0,0,454,0,214,413,0,195,0,0,0,0,0,0,0,230,0,71,326,232,0,133,518,0,37,3129,0
"Cell72","Group1",151,0,0,0,817,0,0,0,0,0,0,0,580,227,0,39,647,0,0,302,371,0,0,9,0,225,0,68,0,0,0,0,0,164,0,29,0,0,0,0,0,180,0,0,316,9528,0,82,0,71,131,5567,869,36,0,309,108,0,0,1607,0,174,109,255,0,175,0,0,0,0,33,113,0,0,289,0,474,76,1135,0,0,390,0,8388,0,0,0,0,3339,230,0,0,0,0,0,0,0,14,0,296,0,0,0,8354,0,232,0,108,0,0,66,33,0,0,0,0,237,0,0,0,0,0,3833,0,0,217,0,0,54,0,0,0,0,427,0,0,0,3046,0,0,266,184,0,53,0,0,436,0,397,0,0,4725,318,143,483,0,0,628,316,917,0,597,3448,0,0,0,0,0,52,0,0,0,0,0,0,365,0,243,0,0,321,0,81,0,0,0,0,98,0,0,0,336,261,0,87,503,0,0,2927,0
"Cell73","Group2",0,0,0,0,629,43,0,0,0,0,0,0,284,148,0,0,0,0,0,0,0,0,0,0,0,72,65,56,0,213,0,0,0,0,0,0,0,0,0,51,0,0,0,80,221,7706,137,0,0,57,0,3151,0,0,0,0,87,0,0,751,0,0,0,0,0,0,0,0,0,0,0,90,0,74,225,0,0,0,591,51,0,214,0,7029,0,0,107,0,2732,0,0,0,0,0,0,186,379,0,114,171,0,0,0,6167,0,256,0,72,0,0,0,6,0,0,0,30,0,0,0,0,0,0,2477,0,0,201,0,137,0,0,0,0,17,377,266,0,0,1879,88,0,176,154,0,51,0,0,0,0,152,80,0,3625,0,0,408,0,0,575,0,830,0,0,2378,62,0,0,0,0,0,46,545,0,224,0,0,220,0,184,0,0,0,0,0,0,0,0,0,0,209,0,0,190,0,0,0,457,0,0,0,0
"Cell74","Group2",0,0,0,0,726,0,0,0,0,0,76,0,463,164,0,0,245,0,0,233,390,0,204,0,0,0,0,0,0,260,0,0,0,0,0,0,214,0,0,0,0,0,400,0,320,7215,171,0,0,93,0,3358,832,0,0,262,72,0,0,753,48,122,116,214,0,240,173,0,0,0,0,83,0,75,191,0,474,0,879,0,0,279,0,7642,0,0,0,0,3723,200,0,0,0,0,0,0,471,0,0,201,0,0,0,7169,0,156,0,0,0,0,0,0,0,39,0,0,203,0,0,0,0,0,2736,0,237,206,0,288,0,0,0,0,0,0,0,0,0,2678,92,0,174,180,0,0,0,0,483,0,268,0,24,4408,0,133,0,0,0,689,356,956,0,462,2731,0,0,0,0,0,0,0,0,0,282,0,0,266,0,149,316,0,112,0,0,0,0,20,0,0,234,0,0,313,179,0,0,0,0,0,673,0
"Cell75","Group1",115,0,0,0,634,55,0,0,0,0,0,267,0,110,0,23,380,0,3,292,0,0,228,0,0,0,0,0,0,219,0,0,76,199,0,0,0,0,0,0,0,152,318,0,253,6975,0,0,0,72,0,2964,694,0,0,348,0,0,0,1162,0,0,0,0,0,0,122,0,0,180,0,0,0,0,0,0,0,0,693,33,0,0,0,5248,0,0,0,0,2673,0,0,152,0,0,0,0,357,0,0,0,0,0,44,7467,0,175,0,0,0,0,59,0,0,0,0,0,0,0,0,0,0,0,2698,0,0,213,0,0,42,8,0,0,0,0,0,0,96,2685,0,0,0,0,0,0,0,0,489,0,0,0,0,3156,0,0,526,0,0,0,351,908,50,552,2237,0,0,0,0,0,0,0,462,0,238,0,0,206,0,0,417,0,0,0,0,0,0,0,0,0,0,0,0,212,0,0,0,0,0,0,2388,0
"Cell76","Group1",0,0,0,0,504,0,0,0,0,0,28,242,458,0,0,0,343,0,0,210,209,0,0,0,0,0,0,50,0,0,0,0,0,0,0,0,155,0,32,115,0,0,0,0,255,7264,0,0,5,0,0,3356,525,20,0,298,0,0,0,1223,0,0,0,174,0,230,0,46,0,0,0,0,0,0,170,0,0,0,470,51,7,284,0,6372,0,0,115,0,3774,0,0,0,0,0,0,0,444,0,114,0,0,0,0,4880,0,0,0,0,0,0,0,0,0,18,0,0,0,0,0,87,0,34,2806,0,287,0,0,307,0,0,0,0,0,0,0,0,85,0,0,5,0,0,0,25,0,0,0,85,0,0,0,3495,0,0,361,0,0,507,266,646,0,0,2387,45,0,0,0,0,0,0,348,0,254,0,0,295,0,158,268,14,310,0,0,33,0,0,0,0,0,13,0,247,214,0,0,0,0,0,2031,58
"Cell77","Group1",0,0,0,0,519,0,0,0,0,0,47,0,383,108,0,0,362,0,0,0,212,0,0,0,0,0,0,31,0,0,0,0,59,0,0,0,155,0,0,0,0,0,274,0,0,5551,0,0,0,0,0,2756,0,0,0,300,0,0,0,1078,0,0,0,133,0,152,178,0,0,0,0,0,0,0,250,0,0,0,602,0,0,242,0,4663,97,0,0,139,3080,0,0,102,18,0,0,88,338,0,0,148,0,0,0,5675,0,0,0,0,0,0,34,0,0,39,0,0,0,0,0,0,0,0,0,0,0,139,0,257,0,0,0,0,0,0,233,0,93,2039,73,0,0,108,0,0,0,0,420,61,172,0,0,3773,0,0,273,39,0,468,311,827,0,0,1669,0,0,0,0,24,21,0,349,0,250,0,0,0,0,0,0,0,0,0,0,0,0,0,0,0,0,31,0,156,0,0,0,235,0,0,1636,0
"Cell78","Group1",0,0,0,0,569,51,0,0,0,0,45,0,606,0,34,0,0,0,0,0,255,0,150,0,0,0,0,86,0,0,0,0,0,232,97,0,181,0,39,144,0,116,297,0,238,5667,198,0,12,0,0,3358,578,0,0,261,0,0,0,1072,40,0,0,203,0,0,0,17,0,0,0,47,0,0,0,0,202,0,620,0,0,0,0,0,138,0,0,0,3099,0,0,0,0,0,0,0,0,0,0,191,0,0,0,5293,12,140,0,0,0,0,0,0,0,0,0,0,0,0,5,0,0,0,2066,0,0,218,0,235,44,0,0,15,0,371,174,0,83,2964,61,0,145,0,0,0,0,0,412,0,265,0,0,4454,302,146,384,0,0,478,391,745,0,0,2266,44,0,154,0,0,0,0,460,0,305,0,0,367,0,195,393,0,0,0,50,0,0,0,0,0,210,0,0,0,0,0,64,0,0,35,1921,0
"Cell79","Group1",0,0,0,0,742,0,0,0,0,0,60,0,625,164,42,0,505,0,0,221,269,0,177,0,149,0,42,0,33,221,0,0,89,0,0,0,0,0,0,91,0,0,0,117,204,6536,186,72,0,0,0,3390,664,0,0,344,65,0,0,1047,30,0,109,233,0,183,0,0,0,176,0,85,0,86,0,0,265,0,940,0,0,299,0,8042,214,0,116,0,3804,142,0,0,0,0,0,0,484,0,0,0,0,64,0,7785,0,0,0,0,0,0,54,0,0,0,0,0,0,0,0,0,0,0,3421,0,0,223,0,0,0,0,0,0,0,0,0,0,0,3156,0,0,152,0,0,0,0,0,0,108,209,0,0,5017,0,189,515,0,0,0,388,1122,67,736,2860,61,0,227,0,21,0,28,613,0,317,0,0,337,0,221,279,18,272,0,30,0,0,0,0,0,0,0,0,0,0,0,95,456,0,0,2021,66
"Cell80","Group2",173,0,0,0,716,0,0,0,90,0,0,368,624,0,0,0,302,30,9,450,328,44,0,0,96,108,0,0,0,277,0,0,0,338,71,0,0,0,0,201,0,66,0,91,391,11167,299,0,0,0,154,5333,1137,0,0,0,0,116,0,1032,0,159,161,333,0,338,295,0,0,220,86,135,0,0,255,0,316,96,790,0,0,377,0,7293,230,0,142,172,0,195,0,143,0,0,0,137,0,41,126,0,0,108,0,11283,0,0,0,100,0,0,0,38,0,0,57,0,0,0,0,153,0,0,3075,0,367,338,0,218,0,0,0,0,0,0,256,0,98,3634,0,0,206,208,0,0,0,0,0,149,303,0,0,5306,0,0,564,0,0,0,0,1200,83,746,2984,0,0,0,0,0,49,0,651,0,389,0,0,363,0,270,408,0,195,0,56,0,0,55,0,0,0,0,0,0,0,0,151,772,0,0,799,0
"Cell81","Group1",118,0,0,0,0,0,0,0,0,65,0,0,485,0,0,0,348,0,0,0,333,0,126,0,0,0,0,0,45,0,0,0,0,0,101,0,0,0,0,162,0,0,293,0,225,6954,0,0,0,43,0,2681,567,0,0,0,0,0,0,1099,0,0,76,189,0,0,0,19,0,0,0,0,0,0,0,0,0,0,582,65,6,259,0,5970,109,0,89,124,2624,139,0,0,0,37,0,169,0,0,0,142,0,0,51,6241,0,0,0,0,0,0,0,0,0,0,0,60,215,0,0,101,0,0,2620,0,248,0,0,354,0,0,0,0,0,365,179,0,0,2653,90,0,0,161,0,0,0,0,425,0,207,0,0,4019,212,124,442,0,2,428,0,726,0,428,2214,0,47,0,0,0,0,0,519,0,227,0,0,0,0,212,263,14,0,0,0,0,0,17,0,0,0,0,67,0,75,0,0,317,0,0,1833,0
"Cell82","Group2",0,0,0,0,355,52,14,0,29,0,0,0,372,0,0,0,0,0,0,211,0,0,0,0,68,0,81,67,46,196,0,0,0,0,87,0,0,0,0,0,0,0,249,89,237,6436,151,0,0,0,0,2417,463,0,0,218,72,0,0,513,0,146,84,0,0,172,0,0,0,0,0,62,0,0,0,0,0,0,652,0,0,0,24,5654,0,0,0,0,2580,100,0,72,0,0,0,0,0,0,0,0,0,0,0,5577,0,146,0,59,0,0,0,11,0,0,0,0,0,0,0,52,0,0,2464,0,0,192,0,196,0,0,0,0,0,0,137,0,0,1699,0,0,0,148,0,0,0,0,0,0,0,0,0,3022,0,0,291,0,0,0,288,705,0,0,2229,0,0,0,0,0,0,0,354,0,0,0,0,208,0,108,229,0,62,0,0,0,0,0,0,0,0,0,0,187,90,0,0,0,4,0,436,80
"Cell83","Group1",83,0,0,0,502,0,0,0,0,0,0,203,423,0,0,0,0,0,0,304,0,30,171,0,0,0,0,0,0,260,0,0,84,145,0,0,0,0,0,0,0,0,0,0,196,6210,0,0,0,0,0,3145,566,25,0,0,104,0,0,1242,0,164,0,179,0,189,0,0,0,0,0,0,0,90,0,0,0,0,660,0,0,212,0,5077,0,0,0,61,2801,145,0,0,0,43,0,111,468,0,0,292,0,0,37,6709,0,0,0,0,0,0,0,0,0,0,43,0,156,0,0,0,0,46,2596,0,0,0,0,341,0,0,0,0,0,409,237,0,0,2233,0,0,0,102,0,0,0,0,0,0,0,0,0,3627,251,0,0,23,0,0,0,708,0,516,1988,31,0,139,0,0,0,13,363,0,265,111,0,303,0,0,188,0,167,0,0,0,0,0,0,75,0,0,0,0,0,0,82,376,0,0,1941,0
"Cell84","Group2",80,0,0,0,0,0,0,0,0,0,0,140,0,125,22,32,0,0,0,127,0,0,0,0,0,0,0,0,0,0,0,0,0,181,44,0,0,0,43,0,0,0,297,0,160,5007,0,0,0,0,0,2489,612,0,0,0,50,0,0,424,0,0,0,99,0,113,0,0,0,146,0,0,0,43,175,0,186,43,0,29,0,158,0,5416,0,0,0,126,2312,105,0,0,0,0,0,0,352,0,83,173,0,0,0,4850,0,0,0,0,0,0,0,0,0,0,0,52,168,0,0,0,0,0,1930,0,0,207,0,128,0,0,0,0,0,246,207,0,0,0,56,0,0,0,0,0,0,0,388,0,0,0,0,2848,0,102,362,0,0,329,0,563,0,0,1670,0,0,130,0,0,0,12,380,0,133,0,0,169,0,0,234,0,0,0,0,0,0,0,0,0,107,0,0,0,126,0,0,230,0,0,382,56
"Cell85","Group1",0,0,0,0,663,88,0,0,0,0,0,211,557,175,0,0,702,18,0,0,0,0,0,0,0,0,41,0,0,290,0,0,0,167,0,0,0,0,53,172,0,152,308,0,271,7426,0,0,0,0,70,3679,0,0,0,310,85,49,0,1159,0,140,83,134,0,256,0,0,0,192,0,87,0,0,225,0,370,0,831,0,0,275,0,7713,0,0,0,106,2968,140,0,0,0,0,0,139,501,0,117,200,0,0,0,8050,0,0,0,0,0,0,0,0,0,0,0,0,245,0,0,0,4,0,2818,0,318,0,0,313,0,11,0,0,0,400,0,0,0,2604,0,0,158,0,0,0,0,0,0,0,0,96,0,5188,0,147,544,0,0,0,357,1098,91,672,2623,0,0,128,0,0,0,0,485,0,0,0,0,0,0,0,0,0,265,3,0,0,0,0,0,94,0,38,0,322,0,0,79,0,0,0,2115,0
"Cell86","Group1",0,0,0,0,0,0,0,0,0,0,0,0,571,174,0,0,504,0,0,309,348,0,251,0,0,96,0,97,0,279,0,0,101,224,0,0,228,0,62,0,0,0,0,0,0,8179,201,96,0,37,0,4394,515,0,0,284,0,85,0,1614,0,0,0,155,0,0,188,0,0,0,66,0,15,63,261,0,410,0,806,0,0,0,0,7781,238,0,66,156,3426,238,0,0,0,0,0,0,0,0,0,220,0,0,0,7653,0,194,0,101,0,0,59,22,0,0,0,0,249,0,0,0,0,0,3779,0,264,250,0,386,0,0,0,0,0,0,342,0,0,0,69,20,134,0,0,0,0,0,0,66,0,90,0,4054,292,0,438,0,0,603,487,1108,0,510,3459,0,0,0,0,47,0,0,388,0,222,118,0,323,0,222,396,0,188,0,0,0,0,0,0,73,0,0,0,388,164,0,62,0,0,42,2677,66
"Cell87","Group1",92,0,0,0,594,0,0,0,0,0,82,244,514,127,0,0,0,11,0,0,260,0,0,0,0,0,0,0,21,213,0,0,0,187,56,0,227,0,0,119,0,173,0,61,317,5153,0,0,0,69,106,2920,0,0,0,276,102,0,0,0,0,160,0,243,0,184,158,0,0,0,0,0,0,88,0,0,0,50,587,59,0,353,0,5395,0,0,77,120,3191,133,0,141,0,0,0,196,409,0,0,0,0,73,0,6359,24,151,0,0,0,0,0,0,0,0,0,52,0,0,0,92,0,0,2307,0,0,151,0,0,0,0,0,0,18,337,197,0,122,2057,0,11,120,0,0,0,0,0,0,0,0,83,0,3059,212,158,388,0,0,527,315,872,0,455,2161,48,0,115,0,0,0,0,399,0,215,0,0,0,0,174,0,0,306,0,0,0,0,22,0,0,0,0,0,0,140,0,0,0,0,0,1650,43
"Cell88","Group1",0,0,22,0,398,0,0,0,0,0,0,0,0,199,0,0,561,0,0,0,364,0,0,0,57,0,0,0,0,0,0,0,0,0,69,0,254,0,0,157,0,95,256,0,0,6319,206,40,0,0,122,3633,686,0,0,327,0,0,0,1000,0,0,116,0,0,0,0,0,0,0,0,0,0,0,0,0,0,0,574,0,0,0,59,6076,113,0,0,168,2950,0,11,0,0,0,0,0,302,0,0,0,0,0,0,5470,0,0,0,0,0,0,0,0,0,0,0,0,224,0,0,0,0,0,3026,0,291,0,0,0,53,0,0,0,44,0,261,0,81,2257,0,0,191,134,0,0,0,0,386,0,0,0,0,3369,233,82,385,0,0,469,0,1003,0,569,1775,0,101,0,0,0,0,0,427,0,0,0,0,0,0,0,229,0,155,0,0,0,0,0,0,0,0,0,0,293,0,0,104,0,0,0,1933,0
"Cell89","Group2",117,0,0,0,548,88,0,0,0,0,0,250,709,0,0,0,0,0,0,174,0,30,0,0,60,0,0,0,0,0,0,0,51,0,76,0,204,0,0,191,0,0,254,125,309,7309,0,48,26,0,0,3592,801,0,0,0,91,50,0,0,0,115,0,146,0,178,230,40,0,210,0,0,0,0,325,0,0,0,754,0,0,0,0,6350,0,0,0,106,2761,146,0,0,0,0,0,0,521,18,179,264,0,0,51,6303,0,0,0,0,0,0,0,0,0,0,0,0,212,2,0,124,0,0,2668,0,224,0,0,0,0,0,0,0,0,382,203,0,0,2754,71,0,192,157,0,0,0,0,484,0,0,0,0,0,278,0,466,0,0,545,383,1094,77,538,2283,0,0,0,3,0,0,0,444,0,281,0,0,0,0,245,389,0,0,0,0,0,43,0,0,0,177,44,0,0,220,0,0,393,0,0,498,123
"Cell90","Group2",0,0,0,0,600,0,0,0,0,0,70,280,776,0,0,0,0,43,0,359,388,0,202,0,0,112,0,79,0,270,0,0,0,0,0,0,0,0,0,0,0,0,0,0,327,8458,292,0,28,0,0,4058,721,0,0,0,0,104,0,791,70,181,0,252,0,289,262,53,0,230,0,0,0,116,0,0,442,0,0,0,0,458,0,9338,0,0,124,111,3961,0,0,0,0,56,19,0,422,0,176,242,0,0,0,10092,0,0,0,0,0,0,0,0,5,43,0,0,274,0,0,0,0,0,2991,0,307,298,0,250,0,0,0,19,55,446,0,0,91,3165,0,0,217,218,0,0,0,0,430,109,0,110,0,4384,0,0,547,0,0,0,427,971,0,793,3266,0,0,202,0,0,0,0,0,0,0,0,0,315,0,0,0,0,132,0,0,14,0,34,0,0,240,0,0,339,0,0,0,519,4,0,547,0
"Cell91","Group2",0,0,0,0,464,43,0,0,38,0,0,0,603,145,0,0,180,0,0,219,0,0,0,0,0,0,0,0,0,0,0,0,49,217,0,0,191,0,0,83,0,0,0,0,188,6057,90,65,0,0,0,3123,596,0,0,206,79,0,0,311,0,0,0,0,0,149,0,16,0,0,0,0,0,0,0,0,0,0,0,0,0,238,0,6125,117,0,86,0,3105,154,0,102,0,48,0,0,301,0,0,0,0,0,0,6696,0,165,0,0,0,0,0,0,0,0,0,0,182,0,0,0,0,0,2084,0,204,0,0,0,0,0,0,0,0,331,206,0,109,0,69,0,0,0,0,0,0,0,382,54,0,0,0,4317,138,0,373,0,0,561,0,0,0,541,2052,0,44,158,0,0,0,0,375,0,184,100,0,167,0,0,321,0,0,0,0,29,0,0,0,0,0,0,0,218,133,0,0,269,0,0,0,32
"Cell92","Group1",0,0,0,0,542,77,0,0,0,0,49,0,441,0,44,0,0,0,0,205,203,0,155,0,60,0,0,0,0,184,0,0,77,0,0,18,0,0,0,113,0,113,255,0,0,6418,122,0,0,48,0,2945,521,0,0,277,0,0,7,893,0,81,0,244,0,191,0,0,0,0,42,0,0,0,0,0,0,0,754,0,0,0,36,5680,0,0,0,0,2280,0,0,0,0,34,0,160,426,0,0,0,0,0,41,5686,0,0,0,0,0,0,56,0,0,0,0,0,209,0,0,0,0,0,2613,0,0,0,0,0,0,20,0,0,0,298,189,0,0,1878,0,0,0,81,0,0,0,0,359,0,205,0,0,4102,275,129,377,0,0,454,318,0,0,499,2141,0,0,138,0,0,0,0,454,0,0,0,0,255,0,164,0,0,171,0,31,0,0,0,0,0,143,0,0,0,139,0,0,300,0,0,1792,0
"Cell93","Group1",185,0,0,0,0,0,4,0,0,0,69,0,618,140,0,0,566,0,0,0,357,0,164,0,0,110,0,0,0,0,0,0,0,0,0,0,283,35,0,215,0,139,343,91,0,8840,0,0,0,117,0,3916,775,0,0,259,102,0,0,1104,0,0,0,0,0,0,0,0,0,214,0,136,0,82,0,0,325,81,750,0,0,0,0,8037,0,0,0,160,4064,101,0,0,0,51,0,0,463,0,0,192,0,0,0,7268,0,213,0,104,0,0,0,0,8,19,0,0,285,0,0,109,0,74,2922,0,0,0,0,260,0,0,0,0,20,0,354,0,0,3460,0,0,179,0,0,90,0,0,570,86,320,87,0,5060,305,0,0,0,0,0,431,1171,0,0,2610,0,0,0,0,43,0,0,498,0,382,0,0,0,0,0,276,0,274,0,54,0,0,0,0,0,0,0,0,0,0,0,146,444,0,25,2458,0
"Cell94","Group2",0,0,46,0,583,115,0,0,0,0,0,0,540,0,30,37,199,0,0,0,380,0,283,0,0,90,0,0,0,0,0,0,0,295,0,11,310,0,0,0,0,0,512,0,235,9305,0,77,0,0,0,4455,761,42,0,464,0,0,0,1109,0,0,0,166,0,314,0,44,0,218,51,159,0,97,374,0,422,0,0,92,0,0,23,9516,0,0,0,0,3818,0,0,114,0,0,0,0,0,0,178,0,0,62,0,8575,0,0,0,106,0,0,0,0,0,0,0,0,0,0,0,104,7,0,3706,0,343,0,0,262,0,0,0,0,0,484,374,0,0,3534,0,12,0,172,0,41,0,0,496,0,0,92,0,4852,327,187,551,0,0,651,0,1251,109,773,3830,0,0,0,0,0,0,0,354,0,0,155,0,306,0,0,455,0,0,0,0,0,0,0,0,48,0,0,63,302,324,0,0,594,0,56,0,106
"Cell95","Group2",0,0,16,0,337,0,0,0,0,0,0,0,428,127,0,0,0,0,0,251,218,0,92,0,0,0,0,0,0,201,0,0,54,158,0,0,190,0,0,94,0,0,225,0,223,4781,146,0,0,0,0,3187,0,0,0,233,0,0,0,668,0,89,0,0,0,0,180,40,0,137,0,114,0,0,215,0,201,0,674,0,0,194,22,5273,0,0,0,0,2206,0,0,47,0,44,0,65,339,0,92,142,0,47,0,6146,0,143,0,0,0,0,0,0,0,0,31,41,0,0,0,101,0,0,2626,0,0,0,0,154,0,0,0,0,0,0,0,0,91,1820,0,0,125,0,0,0,0,0,341,73,173,0,0,3595,0,95,325,0,0,290,303,680,0,446,1782,40,42,150,0,19,0,0,0,0,175,0,0,178,0,0,263,0,0,0,0,0,0,0,0,0,0,0,76,0,152,0,71,322,0,0,516,0
"Cell96","Group2",0,0,0,0,0,43,0,0,0,0,28,0,519,0,0,0,184,12,0,263,232,0,157,0,0,89,0,0,0,0,0,0,0,143,51,0,0,0,0,117,0,0,221,65,242,5145,0,0,0,66,0,2081,637,0,0,0,68,0,0,629,0,108,112,0,0,0,0,0,0,0,0,0,0,0,0,0,473,0,804,0,0,253,0,5969,0,0,63,68,2436,0,0,78,0,0,0,0,429,0,0,207,0,0,0,5043,0,137,0,47,0,0,27,0,0,0,0,0,0,0,0,0,0,0,2508,0,0,185,0,0,33,0,0,0,0,0,194,0,0,2531,57,0,0,0,0,46,0,5,334,0,183,0,0,3562,215,0,436,0,0,425,0,668,0,364,2115,0,0,143,0,0,0,0,423,16,0,0,0,0,0,0,319,0,0,0,0,0,0,0,0,0,132,0,0,0,128,0,85,0,0,0,0,69
"Cell97","Group2",0,0,0,0,794,0,0,0,0,49,0,247,512,0,0,35,0,46,0,0,294,0,0,0,0,0,27,0,39,0,0,0,69,167,0,0,269,0,0,172,0,61,0,0,177,8145,0,0,0,70,0,3014,664,0,0,0,85,34,0,0,0,89,0,0,0,258,206,0,0,126,47,0,0,0,241,0,304,0,594,0,27,0,0,7030,199,0,0,66,3785,135,8,0,0,0,0,0,539,0,75,251,0,0,0,6407,0,225,0,0,0,0,0,0,0,0,0,0,261,0,0,0,0,0,3093,0,0,164,0,287,0,0,0,10,0,0,262,0,0,2447,63,0,134,0,0,64,0,0,484,0,0,0,0,3988,263,0,296,0,0,483,372,1070,0,657,3208,0,0,181,0,0,0,0,353,0,277,151,0,0,0,0,0,0,0,0,0,30,0,55,0,0,0,0,0,262,0,0,86,429,0,0,0,0
"Cell98","Group1",144,0,0,0,654,74,0,0,0,0,90,239,0,226,43,20,0,0,0,0,264,0,177,0,0,107,54,0,40,0,0,0,0,200,0,0,0,0,0,0,0,0,275,129,363,8097,0,0,0,0,0,3116,0,0,0,318,0,0,0,1152,0,115,0,211,0,0,0,0,0,275,47,132,0,0,0,0,0,0,840,0,0,293,0,6551,156,0,0,152,3848,156,0,0,0,0,0,0,0,0,127,220,0,84,43,7674,0,0,0,72,0,0,0,19,0,0,41,0,0,0,0,87,0,0,2658,0,271,204,0,302,0,0,0,0,0,432,387,0,0,2692,0,0,193,135,0,0,0,0,487,109,0,116,0,4478,224,132,0,0,0,587,324,0,0,444,2972,0,0,195,0,0,0,0,468,0,235,0,0,354,0,254,0,0,280,0,0,0,0,0,0,0,193,0,87,288,0,0,0,0,0,0,1985,51
"Cell99","Group2",0,0,0,0,789,0,0,0,0,0,0,0,0,240,30,44,0,0,0,0,327,0,0,0,0,83,88,0,0,0,0,0,0,234,113,0,256,0,29,191,0,0,366,0,376,10300,196,76,0,0,0,3565,0,0,0,294,0,0,0,890,0,0,0,297,0,353,229,0,0,0,0,130,0,0,405,0,294,62,719,0,0,267,0,7035,0,0,0,0,4152,0,18,0,0,0,0,0,477,0,150,204,0,40,0,9671,0,180,0,108,0,0,0,0,0,41,0,52,0,0,0,0,0,0,3010,0,219,0,0,0,0,0,0,0,0,391,398,0,125,3034,0,0,266,0,0,67,0,0,436,170,0,0,0,4841,270,192,583,0,0,575,440,1004,61,764,2610,0,0,164,0,0,39,0,558,0,326,0,1,0,0,163,366,0,149,0,68,35,0,0,0,42,192,0,0,352,171,0,0,570,0,0,0,57
"Cell100","Group1",0,0,0,0,0,94,0,0,0,90,0,271,698,0,0,0,712,0,0,246,381,0,0,0,102,0,63,0,0,236,0,0,0,0,0,0,0,0,0,0,0,233,0,0,303,7806,274,0,0,76,88,4154,0,39,0,387,0,44,0,1752,0,0,143,0,0,284,250,22,0,191,0,156,0,0,344,0,538,0,1156,0,0,0,67,7025,253,0,0,0,3928,185,0,184,0,112,0,0,457,0,170,0,0,0,0,9131,0,0,0,0,0,0,63,0,0,0,0,58,294,0,0,0,0,80,3047,0,271,0,0,380,0,13,0,13,0,0,370,0,0,3468,156,0,153,0,0,91,0,0,496,0,330,115,0,5064,333,207,0,0,0,681,0,1369,0,775,3086,0,0,0,0,0,45,0,442,35,383,132,0,0,0,0,474,0,236,0,0,0,0,0,0,0,217,0,0,336,273,0,112,517,0,0,2276,121
