"","cell_group_2","Gene1","Gene2","Gene3","Gene4","Gene5","Gene6","Gene7","Gene8","Gene9","Gene10","Gene11","Gene12","Gene13","Gene14","Gene15","Gene16","Gene17","Gene18","Gene19","Gene20","Gene21","Gene22","Gene23","Gene24","Gene25","Gene26","Gene27","Gene28","Gene29","Gene30","Gene31","Gene32","Gene33","Gene34","Gene35","Gene36","Gene37","Gene38","Gene39","Gene40","Gene41","Gene42","Gene43","Gene44","Gene45","Gene46","Gene47","Gene48","Gene49","Gene50","Gene51","Gene52","Gene53","Gene54","Gene55","Gene56","Gene57","Gene58","Gene59","Gene60","Gene61","Gene62","Gene63","Gene64","Gene65","Gene66","Gene67","Gene68","Gene69","Gene70","Gene71","Gene72","Gene73","Gene74","Gene75","Gene76","Gene77","Gene78","Gene79","Gene80","Gene81","Gene82","Gene83","Gene84","Gene85","Gene86","Gene87","Gene88","Gene89","Gene90","Gene91","Gene92","Gene93","Gene94","Gene95","Gene96","Gene97","Gene98","Gene99","Gene100","Gene101","Gene102","Gene103","Gene104","Gene105","Gene106","Gene107","Gene108","Gene109","Gene110","Gene111","Gene112","Gene113","Gene114","Gene115","Gene116","Gene117","Gene118","Gene119","Gene120","Gene121","Gene122","Gene123","Gene124","Gene125","Gene126","Gene127","Gene128","Gene129","Gene130","Gene131","Gene132","Gene133","Gene134","Gene135","Gene136","Gene137","Gene138","Gene139","Gene140","Gene141","Gene142","Gene143","Gene144","Gene145","Gene146","Gene147","Gene148","Gene149","Gene150","Gene151","Gene152","Gene153","Gene154","Gene155","Gene156","Gene157","Gene158","Gene159","Gene160","Gene161","Gene162","Gene163","Gene164","Gene165","Gene166","Gene167","Gene168","Gene169","Gene170","Gene171","Gene172","Gene173","Gene174","Gene175","Gene176","Gene177","Gene178","Gene179","Gene180","Gene181","Gene182","Gene183","Gene184","Gene185","Gene186","Gene187","Gene188","Gene189","Gene190","Gene191","Gene192","Gene193","Gene194","Gene195","Gene196","Gene197","Gene198","Gene199","Gene200"
"Cell1","Group2",164,20,22,7,500,99,24,2,41,63,51,178,639,215,40,21,294,24,12,285,262,49,196,11,145,102,48,99,40,349,2,4,92,137,97,37,224,30,38,138,0,76,353,204,281,9994,179,56,21,53,115,5172,839,36,0,314,148,59,19,847,32,110,105,217,0,239,191,33,1,239,52,115,8,61,287,0,299,47,932,117,13,466,41,8956,148,13,173,195,3550,186,5,117,36,85,19,188,500,8,187,279,7,78,78,9385,5,198,6,109,0,3,80,25,5,40,68,77,321,1,10,120,9,79,3404,0,307,248,0,291,66,10,2,3,25,456,337,11,121,2869,62,20,202,226,6,39,0,7,511,102,252,108,32,6360,303,162,390,46,1,642,405,1144,66,633,3323,62,88,128,0,34,37,17,559,20,280,122,1,319,4,277,368,31,126,8,50,37,36,43,1,52,188,60,102,348,204,6,110,371,4,23,573,91
"Cell2","Group2",65,16,27,3,658,25,1,1,39,26,35,190,481,130,16,20,183,19,7,145,263,8,120,5,107,55,35,49,18,165,3,0,46,174,38,31,146,20,31,106,2,45,276,97,262,6459,105,39,13,37,57,2238,485,24,0,225,63,32,3,593,30,52,76,186,0,207,102,23,1,105,45,43,0,57,223,1,233,37,451,49,7,255,13,4581,115,6,51,104,2550,148,11,28,16,53,14,62,294,5,128,162,1,39,54,5670,19,118,3,62,0,0,52,7,13,26,27,24,241,2,5,100,7,26,1925,0,160,141,0,141,36,15,0,8,16,283,247,1,50,1693,48,11,141,66,0,29,1,0,273,48,173,71,13,2573,156,103,313,15,5,352,338,569,58,362,2011,35,61,92,0,21,34,17,349,26,190,82,0,169,3,167,203,22,68,2,19,12,21,16,2,54,137,24,98,241,135,8,67,317,3,19,370,61
"Cell3","Group1",86,20,23,2,496,46,13,1,61,45,60,243,494,134,37,38,336,12,2,221,293,16,154,1,55,111,38,81,62,149,8,2,54,139,76,5,254,22,31,108,0,94,275,118,211,5637,250,39,9,34,85,2776,668,22,0,249,53,53,4,1176,21,121,90,76,0,241,155,13,2,226,52,65,6,61,218,0,265,55,563,37,1,226,21,6046,133,4,90,79,2268,144,7,175,25,38,23,129,352,13,165,190,8,48,23,6027,22,166,2,102,0,1,40,24,8,33,33,36,203,8,0,106,8,56,2772,0,208,219,0,285,44,4,1,4,38,371,301,0,71,2433,69,14,194,119,4,47,2,4,398,44,213,77,29,3515,189,58,393,18,1,452,268,863,64,527,2584,47,34,136,0,13,30,12,326,32,196,139,5,238,3,126,324,14,143,3,49,30,21,15,2,63,187,33,73,262,181,2,100,334,6,30,1980,69
"Cell4","Group2",185,11,18,9,515,36,23,0,58,69,21,216,481,146,22,24,130,12,9,273,231,22,130,1,59,62,42,71,37,188,1,0,45,230,55,13,190,10,22,131,3,83,223,86,161,5698,149,31,19,68,115,2685,522,31,0,219,39,46,8,699,50,109,61,198,0,150,152,23,1,145,64,45,3,58,146,0,298,52,681,68,18,284,16,4812,147,11,79,77,2548,108,5,74,13,41,14,98,319,16,97,142,3,60,26,5192,16,201,3,81,0,0,14,54,22,29,31,29,164,1,6,102,7,71,2583,0,191,164,0,247,36,12,1,8,37,267,191,0,82,2755,42,2,93,166,2,45,0,4,405,54,163,77,16,4150,183,132,360,40,11,446,329,946,58,485,2295,33,66,142,0,26,30,23,291,23,170,102,6,279,3,207,294,20,73,2,49,26,28,39,8,26,140,39,59,158,138,7,75,368,3,45,443,57
"Cell5","Group2",149,20,17,5,694,50,9,15,46,64,41,325,387,134,14,29,190,14,15,182,238,33,170,5,74,69,53,56,45,273,6,0,66,168,54,31,192,14,33,103,0,47,262,104,140,7230,137,76,23,42,112,3739,551,48,0,277,92,55,1,797,34,220,107,158,0,270,195,31,2,182,35,96,0,71,287,0,251,54,526,60,14,388,18,7585,204,5,82,128,2790,158,12,79,18,34,27,107,486,12,107,191,3,44,50,7252,7,173,0,98,0,0,55,33,4,34,34,60,179,2,1,105,14,76,2717,0,301,255,0,179,50,17,1,20,25,505,316,3,114,2544,49,21,169,147,1,36,0,2,404,74,231,66,20,4358,267,141,402,42,11,556,375,1189,50,507,2737,69,38,163,0,39,32,34,371,10,286,150,0,307,5,209,341,28,73,10,48,52,26,25,6,35,174,31,84,266,155,7,73,430,3,43,554,74
"Cell6","Group1",139,5,24,4,565,53,11,1,40,44,41,133,429,164,41,29,515,14,16,225,267,19,123,8,89,113,43,87,12,177,6,0,53,177,64,10,260,43,33,139,0,98,353,95,226,6798,160,53,14,26,93,3376,545,33,0,331,63,37,3,914,46,110,103,249,0,226,153,26,2,166,24,95,12,110,212,1,341,64,706,61,7,335,38,6467,143,6,97,82,2956,136,19,96,13,57,16,178,462,14,140,227,6,26,77,5715,20,243,0,67,0,0,45,15,17,35,38,41,281,6,0,145,6,45,2340,0,187,256,0,266,44,7,3,12,16,349,268,0,121,2723,75,10,113,139,3,51,1,0,382,63,238,83,19,3683,240,87,459,44,11,376,394,1134,51,489,2727,31,40,186,1,20,44,14,583,19,271,106,1,314,2,152,311,13,146,5,53,41,34,29,2,75,172,20,78,136,131,3,104,385,3,22,2000,64
"Cell7","Group2",130,38,22,10,657,51,31,2,51,59,76,274,578,172,25,27,234,13,10,204,330,22,212,6,64,67,39,60,16,317,7,2,76,218,89,16,336,20,62,77,0,60,321,127,207,8661,179,40,22,77,85,3328,806,34,1,317,86,59,13,764,32,102,125,186,0,207,216,21,2,209,36,69,2,101,307,0,362,70,592,33,7,418,26,7878,151,13,89,123,3032,135,9,55,20,75,21,93,496,15,148,241,4,43,58,7700,7,244,2,69,0,0,40,38,4,29,78,71,191,2,13,78,7,63,3072,0,269,224,0,255,33,8,2,13,24,452,244,0,118,2202,69,19,176,179,1,38,6,1,489,114,249,105,35,5173,245,105,401,48,2,541,380,982,71,491,2356,58,52,199,0,39,51,25,393,18,224,193,2,285,2,221,228,14,80,5,30,24,51,65,4,67,173,42,73,309,189,9,65,472,1,41,620,62
"Cell8","Group2",86,9,19,10,383,33,16,10,43,32,56,212,393,121,32,36,258,26,9,197,296,24,120,10,38,65,29,43,46,253,1,0,46,177,65,13,218,7,66,128,0,32,254,86,153,5243,165,56,12,66,54,3524,438,32,0,215,68,36,7,607,21,125,77,162,1,231,178,15,1,166,24,66,7,81,196,0,328,65,630,46,6,288,24,5523,217,1,77,95,2926,147,15,68,6,25,14,94,354,9,117,223,2,54,40,5387,5,95,0,50,0,0,43,24,8,33,52,37,161,1,8,92,4,33,2188,0,192,127,0,204,41,7,0,8,9,245,234,0,108,2374,73,8,143,127,0,37,0,4,396,117,229,69,12,3681,209,73,403,9,8,436,314,740,53,473,2181,48,54,155,1,17,13,24,293,26,206,107,3,131,4,148,221,37,87,4,27,15,28,31,1,42,162,23,73,155,179,9,74,267,0,11,440,79
"Cell9","Group2",134,20,19,14,592,68,21,6,35,58,68,205,580,141,17,33,281,16,2,288,372,31,187,5,73,53,35,48,30,263,5,0,68,260,49,19,175,25,64,79,2,91,269,78,223,6748,190,32,6,49,94,3355,698,13,0,263,100,49,16,732,32,181,103,211,0,211,204,52,1,219,50,99,11,84,225,0,411,46,783,55,15,327,19,7122,163,8,107,133,3260,131,5,77,15,57,9,143,395,15,185,228,2,58,41,7341,4,151,0,74,0,0,34,23,8,56,44,71,199,2,22,72,10,55,2422,0,228,181,0,217,37,8,0,10,13,336,230,0,63,2495,53,17,140,165,2,38,1,0,344,37,278,111,25,3922,288,119,420,26,1,539,279,699,74,530,2345,68,58,125,0,19,32,25,486,19,221,157,6,288,0,203,317,32,127,3,38,34,31,50,2,58,186,56,94,253,140,7,127,326,3,26,574,58
"Cell10","Group2",139,15,21,9,396,68,20,1,56,51,39,260,683,141,20,38,125,10,28,189,195,13,224,11,67,90,40,38,45,171,9,0,65,181,49,8,165,11,36,115,0,42,263,139,138,6825,154,26,11,48,56,3469,449,27,0,234,90,42,9,525,18,107,59,138,0,152,220,11,4,161,41,61,3,62,281,1,304,58,549,69,13,264,27,5734,193,6,88,63,2521,133,15,94,20,65,15,47,381,13,87,198,10,48,56,5691,7,102,0,51,0,0,69,16,21,25,35,39,218,0,7,95,3,26,2617,0,236,190,0,207,49,12,2,12,34,380,241,0,104,2186,101,16,151,149,3,51,1,5,294,65,179,54,21,3970,225,122,396,18,3,418,214,675,60,540,2648,31,70,109,2,16,36,25,544,18,254,86,3,312,4,141,221,33,112,5,15,33,16,25,7,36,153,38,76,234,129,8,50,281,2,19,470,71
"Cell11","Group2",145,23,18,13,758,66,25,0,32,72,35,249,548,155,28,23,204,21,4,298,370,13,229,7,111,92,27,39,22,284,17,0,71,230,91,30,200,22,47,182,1,78,266,148,232,7711,274,54,18,56,106,5529,803,50,0,260,89,57,7,905,54,170,120,236,0,222,170,32,0,300,65,119,5,84,291,2,405,73,727,70,10,334,32,5702,150,5,66,103,3265,204,17,103,27,69,14,182,392,12,99,222,16,72,85,6875,8,212,1,88,0,0,62,19,11,38,42,76,242,0,4,115,8,63,3653,0,288,158,0,293,52,18,3,6,24,448,269,0,116,3941,60,13,150,214,1,67,1,5,464,139,330,71,14,4759,413,143,559,45,7,467,360,1176,66,590,2875,72,88,233,1,19,39,32,646,35,268,169,0,277,6,263,385,39,122,5,40,48,47,47,7,57,283,32,126,393,171,12,116,467,0,36,705,87
"Cell12","Group2",83,15,14,1,544,48,3,1,22,35,40,214,334,100,31,22,129,12,21,164,228,10,121,12,70,67,24,47,38,138,5,0,70,137,48,13,200,22,25,87,2,43,225,106,225,5594,173,46,19,49,76,2822,579,30,0,148,92,21,9,463,32,130,103,166,0,248,131,18,5,141,38,80,4,88,180,0,216,37,471,75,10,209,9,5291,110,5,93,69,2225,158,20,63,16,46,10,72,313,11,92,255,3,31,51,4939,1,179,4,68,1,0,33,22,8,36,29,54,141,5,7,65,7,35,2122,0,206,141,0,165,21,8,0,1,5,266,193,4,89,1660,60,6,96,128,1,45,1,0,297,39,116,47,16,3115,145,82,350,20,12,447,180,728,52,300,2064,51,53,92,5,13,32,28,311,7,224,96,0,180,5,130,251,16,105,1,23,32,28,21,0,21,103,20,67,128,153,5,95,282,2,31,450,40
"Cell13","Group2",111,12,28,5,473,35,15,1,55,60,52,234,454,89,21,39,188,15,3,265,285,20,189,3,73,68,16,45,39,206,7,1,44,195,45,9,289,14,36,106,0,53,303,105,161,5448,129,78,20,57,119,3146,673,48,2,231,66,63,5,448,26,178,81,256,0,178,177,12,1,210,27,77,6,81,245,0,217,59,557,53,7,293,17,6330,137,10,65,149,3394,113,6,80,11,63,9,119,352,7,111,142,8,53,49,5383,12,133,1,89,0,0,34,25,5,19,50,36,196,1,1,118,10,67,3007,0,338,176,0,211,39,10,1,6,5,250,236,0,105,2692,87,15,155,103,0,81,0,0,338,71,146,37,13,3835,308,113,440,25,4,430,266,729,44,437,2439,26,80,95,1,15,38,26,390,22,224,102,0,120,9,209,336,14,93,3,40,35,29,32,1,30,169,47,74,237,152,18,105,295,2,23,635,67
"Cell14","Group2",146,17,21,10,832,49,25,4,82,73,59,340,615,257,53,39,308,28,11,341,397,27,192,9,108,118,71,83,55,379,6,12,97,195,93,21,311,36,22,233,1,95,461,218,277,9276,244,79,22,82,119,5593,760,66,0,309,102,40,4,868,60,154,131,314,0,346,310,34,3,240,43,134,13,89,377,4,352,89,1205,43,7,376,24,9542,227,7,129,140,4151,169,16,110,25,62,22,168,544,18,179,237,9,82,59,8407,18,210,2,118,0,0,37,27,14,40,71,91,244,5,7,198,13,84,5206,0,398,286,0,366,61,12,3,18,28,468,296,0,132,3935,84,14,305,210,2,55,0,3,432,83,267,132,45,6205,314,187,714,43,2,680,463,1369,52,905,3528,92,107,221,2,18,64,29,500,32,333,208,0,386,0,262,432,29,104,3,47,57,60,57,5,65,206,51,171,336,153,16,89,404,6,42,724,97
"Cell15","Group2",77,14,25,34,401,83,13,0,31,46,22,149,351,79,8,18,121,34,18,141,211,2,133,7,42,37,28,46,17,174,6,1,46,137,59,8,172,15,20,106,3,50,242,50,196,5054,192,30,12,30,60,2372,425,21,1,187,48,50,22,517,24,54,53,135,1,183,101,27,0,131,46,47,0,73,243,1,187,69,460,55,7,232,11,5042,105,6,68,69,1551,95,6,49,20,48,18,98,382,12,135,127,6,50,51,4227,7,75,2,43,0,0,32,13,10,19,20,35,193,0,6,60,3,29,2006,0,212,127,0,119,53,1,4,22,10,245,145,1,71,1555,34,3,128,111,0,45,0,0,363,86,127,80,19,2739,150,84,239,37,2,310,241,557,37,359,1793,50,31,111,0,22,27,10,385,8,209,72,10,158,0,98,203,8,45,4,18,23,15,29,2,35,137,34,53,232,103,6,56,203,4,16,288,54
"Cell16","Group1",121,9,31,10,558,89,17,1,49,61,63,203,691,174,44,11,574,18,10,223,228,22,187,8,45,91,61,48,28,292,8,0,76,125,81,22,207,22,19,119,5,77,291,137,262,6504,195,51,18,44,104,3072,565,40,0,308,85,46,21,1222,36,111,103,167,0,237,157,30,3,242,72,115,1,117,287,0,322,69,734,78,12,321,34,6475,136,7,88,116,2682,149,6,152,20,58,2,87,348,7,118,130,10,51,52,8766,27,122,0,86,0,1,45,20,2,41,37,63,177,3,7,95,5,73,2964,0,236,186,0,307,49,16,3,12,32,286,293,2,82,2255,61,14,173,129,2,29,0,1,348,134,178,72,18,4513,257,107,381,11,2,415,346,852,80,505,1980,44,66,130,1,26,41,11,552,20,275,172,0,269,4,209,289,17,192,7,29,29,33,21,1,53,263,21,77,301,175,5,120,406,2,15,2144,91
"Cell17","Group1",126,21,26,3,421,52,17,13,45,44,55,180,371,149,26,31,514,18,16,227,273,9,186,5,93,123,41,37,34,222,2,0,53,116,47,16,242,25,52,125,2,140,187,75,172,9076,159,47,11,58,103,3535,640,41,0,303,90,32,6,1142,31,122,102,261,0,166,130,13,2,145,35,104,4,77,228,0,257,77,654,58,16,240,37,6435,131,9,123,124,3115,162,8,127,18,55,6,174,426,8,166,158,8,33,53,7688,23,161,5,58,0,1,44,6,1,15,48,71,222,0,3,67,6,88,2137,0,238,206,0,282,31,11,4,10,26,297,219,4,95,2943,90,13,177,91,1,39,3,4,360,52,185,69,19,3387,339,121,357,23,10,529,335,990,113,438,2364,51,62,160,2,18,32,18,426,16,209,129,2,238,1,157,315,14,150,0,68,38,24,27,3,56,160,21,64,208,114,5,105,492,2,39,1774,79
"Cell18","Group2",178,21,20,13,1047,126,25,8,66,54,40,291,629,171,41,43,381,40,7,287,407,27,251,5,125,87,67,100,56,352,18,1,86,233,100,10,397,23,54,178,6,76,375,192,289,9860,336,65,17,107,139,5322,1097,55,1,340,97,99,17,972,42,137,164,280,0,309,279,18,2,258,47,168,1,126,419,0,444,111,917,99,10,382,18,8636,209,10,130,148,5574,180,19,86,38,83,14,140,636,24,169,305,9,68,51,10424,15,198,1,133,0,2,96,33,27,44,42,54,260,1,6,182,22,94,4159,0,428,248,0,373,62,14,4,34,36,567,321,0,144,3543,105,21,276,228,1,65,0,5,628,93,361,161,23,4883,257,141,648,31,3,650,463,1113,110,975,3366,71,74,252,3,35,40,19,569,26,469,191,1,290,7,334,489,45,99,11,57,48,41,52,6,63,247,64,177,359,274,5,106,572,3,34,734,88
"Cell19","Group1",173,31,62,18,617,64,9,5,53,50,42,296,542,203,49,40,423,17,2,255,350,21,119,6,67,64,50,65,58,197,17,1,112,200,69,21,314,14,46,142,0,127,463,78,356,8065,142,70,12,44,82,4248,793,47,0,292,79,84,14,1295,17,121,103,293,0,173,140,32,2,198,51,95,3,96,259,0,438,49,936,46,23,388,24,6917,169,11,146,85,2891,174,10,153,12,51,11,150,485,22,103,251,9,75,72,7460,13,184,8,80,0,0,29,22,3,56,69,69,270,1,10,115,14,80,2462,0,248,212,0,392,29,7,0,20,18,395,294,0,133,2960,95,10,173,136,4,39,4,0,383,84,261,89,22,3521,279,115,523,22,13,426,373,877,92,504,2423,47,34,128,0,25,32,27,464,22,289,119,2,341,0,247,323,12,260,5,49,28,18,17,0,70,182,32,86,231,160,0,118,402,2,31,2331,66
"Cell20","Group1",154,12,34,2,667,60,14,0,75,34,99,374,607,191,51,29,669,16,17,254,347,26,271,6,72,136,30,68,19,282,2,6,79,216,56,17,318,33,51,117,0,136,367,163,235,8246,181,49,15,66,207,4665,864,35,0,324,58,48,7,1183,50,107,122,243,0,309,178,37,7,164,37,119,8,88,249,0,334,96,924,75,18,429,48,6673,137,11,84,134,3863,267,24,127,16,60,13,181,585,18,167,268,9,50,47,7755,31,208,7,65,0,1,47,33,9,35,69,53,287,3,10,139,3,64,3041,0,224,207,0,265,67,16,2,24,34,407,292,0,86,3590,79,18,207,129,0,35,1,2,600,82,332,99,50,4743,312,125,523,28,5,633,488,1062,76,533,2226,39,105,179,0,23,39,46,438,15,252,151,1,442,2,180,464,19,387,7,39,53,43,6,2,63,226,28,125,283,194,12,58,424,2,45,2909,120
"Cell21","Group2",105,15,12,6,567,68,7,2,37,52,38,159,385,103,4,33,152,3,7,178,188,33,151,10,64,36,28,67,21,138,11,0,62,156,31,9,151,27,9,103,0,34,226,77,143,6281,159,59,14,29,51,2655,481,22,0,201,47,58,1,463,29,143,82,183,1,194,194,26,1,102,25,51,5,53,199,0,286,41,583,40,3,261,14,4586,48,16,72,60,2141,115,5,77,5,31,14,71,339,3,87,100,8,38,13,5053,5,114,2,54,0,0,34,18,3,22,35,52,213,0,5,95,9,20,2014,0,197,101,0,215,33,0,0,11,19,280,190,0,37,1832,42,9,116,153,0,68,0,4,476,68,258,56,26,3729,196,77,289,18,5,465,242,684,54,407,1823,50,41,99,0,9,19,8,367,22,207,123,1,179,3,178,275,19,88,4,28,25,17,27,1,31,140,27,50,164,135,2,65,272,3,31,367,35
"Cell22","Group1",149,13,21,3,490,90,9,1,34,45,50,207,505,189,48,40,396,12,5,238,264,8,141,16,143,88,50,90,42,187,6,0,54,176,36,13,266,27,65,134,0,133,204,149,145,6490,190,56,23,80,118,3076,641,36,0,334,56,76,12,1195,46,100,95,160,0,171,177,20,3,201,31,78,9,99,221,0,280,39,707,78,8,279,27,5458,172,2,90,120,2929,118,6,148,25,65,17,143,369,15,100,181,5,64,34,5045,20,215,8,84,0,0,43,25,3,19,62,69,181,3,1,131,4,70,2843,0,200,193,0,310,46,10,1,41,31,315,257,0,116,2672,64,8,161,114,3,49,2,0,331,76,247,94,26,4663,230,97,492,37,3,609,305,734,53,478,2436,46,65,192,3,13,39,23,445,12,232,127,1,228,3,148,381,13,294,4,50,38,19,26,4,55,249,32,71,262,166,5,102,321,2,21,1873,74
"Cell23","Group2",143,23,24,5,593,41,8,2,54,47,33,282,632,178,34,25,185,43,3,166,286,18,187,6,46,74,51,69,60,185,12,0,65,193,89,10,157,17,19,118,0,36,318,83,295,6416,205,50,11,76,130,3391,708,19,4,294,106,54,7,675,40,139,125,322,0,219,124,39,6,203,30,69,2,67,185,0,279,82,587,75,10,283,20,5878,185,3,106,105,3453,131,11,50,17,55,2,89,441,3,116,211,3,95,57,6598,12,155,3,96,0,0,46,11,8,42,54,51,193,4,20,62,11,66,2901,0,239,116,0,234,60,10,1,19,36,366,333,0,131,3315,77,17,132,148,4,52,0,1,439,88,172,74,42,3687,266,147,470,33,2,494,295,728,63,490,2596,80,41,154,0,25,25,23,386,8,318,140,1,214,2,132,296,40,108,5,32,24,43,57,6,31,235,56,70,260,202,7,93,380,3,24,619,129
"Cell24","Group1",171,16,45,13,746,72,14,7,75,66,54,232,593,195,75,29,545,21,24,235,272,16,180,24,41,119,54,86,49,181,7,2,81,193,103,17,254,38,55,129,0,162,427,139,296,6880,229,63,20,86,87,4099,803,47,0,236,99,86,7,1311,28,175,110,228,0,248,198,16,10,204,74,141,4,115,311,0,394,55,961,46,9,300,28,7585,184,19,141,100,3671,224,25,145,23,81,19,104,539,21,164,205,11,83,60,7813,24,256,1,55,0,0,48,26,8,67,70,47,231,0,5,69,3,80,4025,0,260,204,0,345,52,11,2,11,30,349,297,0,123,3549,97,16,180,151,0,70,1,1,479,103,225,107,22,4892,242,115,468,32,8,547,402,834,51,673,2702,64,39,211,0,23,20,25,390,20,357,113,3,248,3,207,670,9,236,18,63,55,25,19,4,55,240,48,82,343,210,4,146,404,13,33,2122,52
"Cell25","Group1",84,8,20,14,404,65,6,0,21,34,35,121,351,121,34,17,348,8,4,178,210,16,120,3,51,69,25,38,30,174,6,4,41,176,103,15,253,17,44,130,1,99,192,74,190,4892,138,37,5,39,67,2500,433,11,2,169,48,55,5,1070,25,95,64,164,0,148,153,33,1,166,22,101,4,54,208,0,238,24,663,55,3,219,24,5475,143,10,69,78,2366,108,7,86,14,83,13,58,329,25,92,136,4,35,20,4722,26,158,0,57,0,0,31,16,16,30,30,44,181,1,1,75,12,51,1732,0,191,143,0,195,36,7,0,7,23,240,209,0,96,1555,49,8,146,96,1,19,0,0,472,104,229,88,20,3133,132,67,315,23,10,397,320,543,77,341,1805,41,32,84,0,16,27,13,488,19,162,78,1,219,0,125,197,14,191,1,34,49,34,9,4,45,100,19,99,194,148,11,51,279,2,22,1958,63
"Cell26","Group1",143,17,21,9,481,23,6,4,68,41,38,217,459,108,54,27,348,40,12,207,243,28,182,8,43,118,47,76,57,210,6,0,75,167,50,17,195,18,39,92,2,133,295,90,211,5542,151,41,24,30,75,3280,816,30,2,284,87,47,9,1299,36,142,95,181,0,231,169,29,2,129,40,111,4,63,267,2,230,57,604,48,14,287,36,5802,144,3,128,81,2947,129,6,86,5,46,26,79,385,9,92,147,10,71,40,6002,27,153,0,50,0,0,44,16,10,29,30,54,183,6,13,81,2,62,2434,0,157,156,0,392,42,8,1,6,18,327,139,6,95,2222,75,16,160,132,3,36,3,1,449,65,249,56,16,3755,226,79,326,13,7,425,391,695,51,716,2789,38,57,136,1,17,16,16,367,11,307,170,0,263,5,139,364,8,253,1,63,22,21,16,0,52,128,33,88,204,139,2,141,298,0,29,1593,67
"Cell27","Group2",106,13,10,5,405,61,21,1,52,67,59,235,553,185,29,12,142,13,3,261,325,27,115,3,68,89,40,52,39,168,4,0,31,223,24,14,213,29,53,167,0,45,297,63,160,7360,193,43,14,54,85,3350,694,29,0,203,61,63,2,583,23,100,110,216,0,246,204,31,9,176,56,67,4,72,196,0,210,40,870,59,1,309,28,7172,168,17,126,80,2940,164,11,80,15,76,16,95,380,8,126,225,1,31,56,5803,13,138,2,71,0,4,46,18,5,24,44,50,205,3,3,99,6,97,3107,0,225,222,0,201,40,12,4,7,11,382,252,0,112,2858,47,12,155,143,4,46,1,0,399,58,271,61,18,4114,196,119,400,23,4,535,333,752,52,607,2240,58,45,117,0,9,37,15,331,25,217,119,0,204,3,142,405,15,100,0,64,29,38,34,3,47,221,40,63,329,173,8,71,342,2,13,530,81
"Cell28","Group1",126,13,25,7,536,60,13,8,39,39,46,149,421,148,51,17,418,22,11,209,229,16,174,1,58,117,38,72,32,142,3,0,52,112,56,15,240,21,23,142,0,90,239,94,170,5366,101,49,10,42,98,2679,664,36,0,232,82,49,5,981,30,135,141,171,0,166,190,31,2,172,31,64,6,49,221,0,242,36,699,40,11,267,23,5143,200,9,52,75,2149,127,7,76,16,52,6,124,367,9,56,270,4,52,34,5947,16,141,1,49,0,0,18,24,2,38,21,35,175,1,9,57,2,40,2099,0,235,261,0,296,25,1,3,23,15,288,229,2,125,2047,76,6,98,112,0,34,4,0,419,64,205,51,15,4237,228,101,492,22,5,363,319,531,70,407,1835,48,61,158,1,7,33,17,358,21,232,101,2,308,3,178,313,10,137,3,22,24,37,17,0,42,182,26,71,212,136,7,62,308,0,36,1684,29
"Cell29","Group1",153,11,25,3,419,36,9,4,46,50,26,184,314,76,38,27,356,8,10,162,187,15,128,9,49,60,22,77,30,147,11,0,45,79,33,12,92,29,28,146,1,73,185,124,137,5107,118,43,12,32,73,2585,406,19,3,180,53,66,19,734,4,106,63,150,0,173,168,29,3,124,39,64,4,47,151,0,204,42,508,38,7,221,26,4550,120,2,62,76,2293,140,9,85,21,61,24,114,314,15,68,157,6,45,41,4566,12,133,4,54,0,0,42,21,6,24,34,50,150,0,7,53,6,53,1592,1,160,188,0,236,26,1,0,5,1,267,183,0,85,1658,39,9,167,128,1,55,2,1,339,51,222,75,16,2919,170,74,233,35,9,495,283,660,70,341,1604,30,48,98,0,16,11,23,262,26,231,118,2,219,0,97,319,8,167,3,23,15,38,13,3,32,101,32,52,153,95,9,80,321,1,18,1666,83
"Cell30","Group2",147,14,19,8,473,61,20,1,32,37,54,172,363,162,29,17,218,14,11,243,250,22,164,2,66,84,35,28,13,175,7,3,40,153,51,17,128,24,21,127,0,84,297,88,207,4922,152,24,21,39,92,3835,541,21,0,145,56,29,18,606,56,91,133,196,0,191,149,47,4,147,47,78,3,105,274,0,311,64,636,37,12,262,13,5616,134,15,75,77,3398,106,6,47,25,54,6,116,441,10,108,235,7,57,50,6729,15,154,5,85,0,0,43,33,1,17,41,41,178,1,1,84,4,62,2855,0,183,153,0,225,39,9,4,11,10,224,207,6,75,1872,29,11,111,105,0,35,1,1,367,62,233,35,30,2937,213,81,371,33,3,556,239,857,65,489,1896,31,38,137,1,20,35,14,334,15,222,96,3,253,2,207,290,19,58,8,36,28,26,25,3,26,107,25,96,176,206,10,70,437,11,34,499,56
"Cell31","Group2",140,19,48,10,759,94,20,4,57,58,75,371,616,173,36,63,318,27,12,370,428,40,221,8,127,90,87,112,46,332,9,0,79,252,94,20,351,40,60,187,2,94,362,148,297,9449,296,56,21,83,133,5119,783,49,1,336,131,64,7,925,44,187,116,231,0,354,272,43,14,253,69,145,10,93,430,1,351,97,897,69,26,379,18,8810,262,8,134,211,3883,257,12,108,51,85,25,276,592,21,201,208,5,76,41,10653,26,260,8,122,0,0,44,41,8,60,73,108,323,1,8,174,11,110,3658,0,318,278,0,283,64,8,6,13,43,475,381,0,154,3092,84,16,140,168,0,54,6,7,580,108,298,140,32,5397,338,139,616,27,13,727,330,1107,59,847,4004,71,60,295,0,41,37,21,701,20,346,193,1,379,3,261,331,43,92,0,47,46,39,33,0,62,268,44,101,346,221,12,149,426,0,35,821,104
"Cell32","Group2",101,11,8,8,470,37,14,4,21,44,22,154,319,167,8,12,124,17,0,172,159,11,136,1,32,74,30,54,12,214,6,0,73,165,45,8,144,16,14,112,3,50,148,82,205,4236,112,52,19,43,75,1964,521,19,2,159,46,37,2,440,22,86,48,139,0,133,81,28,0,125,18,68,6,54,254,0,264,47,455,23,5,151,9,4373,132,16,63,100,2043,120,8,55,9,79,26,88,292,16,58,151,2,27,30,4577,3,126,2,46,0,0,26,12,3,9,24,30,155,0,6,35,8,52,1854,0,100,121,0,159,33,10,9,13,8,258,210,0,56,1527,39,8,105,86,2,22,0,1,240,74,151,53,14,2144,118,112,293,34,2,274,277,529,43,335,1365,32,49,102,2,15,28,23,315,7,131,98,0,147,7,136,227,16,85,1,30,20,19,28,5,58,106,26,47,159,100,10,63,246,0,32,333,45
"Cell33","Group2",88,8,29,6,469,52,26,2,46,58,54,240,434,116,29,30,208,30,17,173,344,9,145,9,74,47,24,57,41,157,10,0,50,128,57,6,148,26,37,149,2,33,270,106,189,6575,140,45,21,60,85,2796,540,29,0,266,50,69,7,610,29,86,126,164,0,192,142,23,1,141,43,84,3,55,303,0,274,65,645,55,7,255,15,5059,217,2,58,83,3113,124,7,94,33,52,7,135,376,5,109,227,2,47,38,6330,17,159,6,94,0,0,62,18,1,33,65,50,154,1,2,80,1,64,2491,0,269,208,0,198,24,2,0,5,21,342,316,0,130,2536,63,6,136,162,2,55,0,1,369,58,169,67,29,3882,279,120,373,16,7,376,265,736,50,389,2215,49,71,167,1,22,37,24,558,19,265,124,6,162,2,160,307,48,89,5,37,41,33,19,3,44,173,13,77,241,194,7,86,406,6,24,481,56
"Cell34","Group1",99,15,52,8,644,52,4,0,73,69,58,250,532,147,65,36,670,23,12,322,409,11,164,6,84,147,66,85,47,247,6,1,70,206,82,20,264,26,23,224,2,133,282,148,308,8959,208,70,19,74,119,3577,592,48,2,349,117,63,14,1308,45,155,79,243,0,223,204,34,8,146,37,131,6,80,330,1,347,64,818,60,4,318,47,7098,202,9,80,106,3745,167,9,206,37,49,8,107,582,16,203,342,6,53,44,7774,23,201,2,77,0,0,49,12,11,26,53,39,285,4,10,163,11,87,3620,0,269,199,0,476,63,6,3,8,33,346,348,0,103,2522,112,17,191,136,0,66,0,1,485,81,233,111,22,4477,238,174,419,42,10,444,294,937,118,578,3047,64,63,184,1,33,44,11,334,20,349,163,3,289,1,250,320,19,174,15,44,30,36,37,0,48,196,26,92,308,196,9,91,492,5,65,2085,99
"Cell35","Group1",170,20,30,7,535,68,4,7,35,46,48,200,619,135,71,20,501,28,12,224,279,8,157,15,69,104,40,76,40,267,11,0,51,254,53,18,204,21,32,155,2,146,280,152,238,6465,167,80,12,57,94,3336,778,23,0,254,90,71,4,1085,38,108,111,166,0,215,148,30,2,174,31,100,3,48,194,0,243,48,730,47,9,269,24,6383,124,6,95,64,2685,127,7,157,19,48,11,213,462,14,109,160,1,30,41,7175,13,181,1,92,0,1,53,26,3,31,47,61,156,6,13,83,1,72,2842,1,237,255,0,299,55,10,1,6,27,288,233,7,160,2610,89,10,176,72,3,49,1,1,437,76,215,63,19,3999,223,110,437,19,2,398,313,1010,58,524,2412,54,55,163,1,9,37,32,358,18,173,82,1,241,5,131,299,19,208,9,44,47,21,40,0,70,181,31,60,245,185,8,74,561,6,30,2187,64
"Cell36","Group2",88,7,22,5,452,57,8,3,56,49,37,206,547,133,23,30,191,9,12,328,209,19,200,11,73,82,19,65,24,185,1,0,56,172,82,13,282,30,19,120,2,59,220,95,181,6210,190,67,33,56,87,3353,700,33,1,288,77,54,9,525,32,140,84,240,0,244,189,31,7,272,51,121,18,103,173,0,274,61,709,48,11,288,34,6391,133,7,72,57,3834,132,8,114,14,105,10,167,394,7,130,212,0,37,47,6786,14,236,1,69,0,0,41,28,13,31,47,60,239,3,6,108,4,79,2876,0,202,182,0,328,29,8,3,22,30,391,260,0,96,2314,80,16,167,153,2,46,2,3,395,64,270,89,21,4076,226,94,451,26,6,437,326,947,41,478,2349,32,59,142,4,20,17,4,494,26,229,125,2,222,6,171,338,18,90,11,41,34,40,13,0,30,214,33,79,285,158,9,72,295,5,47,539,52
"Cell37","Group2",185,36,19,12,654,83,38,2,69,53,82,247,687,150,27,20,278,27,6,307,295,13,161,1,102,92,66,90,70,274,5,0,56,222,99,11,356,28,46,133,4,66,384,129,294,7381,273,70,18,48,82,5052,819,52,1,227,104,48,10,900,97,129,177,321,0,265,175,24,2,279,32,82,0,96,351,1,188,78,799,89,21,346,20,6967,144,7,106,106,3175,174,13,67,18,53,9,191,488,13,169,195,4,70,56,8311,17,170,6,102,0,0,59,37,8,49,49,65,265,1,5,177,3,59,2673,0,243,223,0,227,58,10,4,15,36,446,272,0,158,3012,78,12,176,167,4,80,0,3,446,63,269,103,29,4559,263,140,574,48,3,536,466,1153,60,583,2454,35,85,174,2,29,33,26,406,24,285,156,4,295,3,198,442,17,100,10,50,41,56,50,13,62,206,54,109,267,239,7,108,453,9,37,608,79
"Cell38","Group1",131,8,22,13,598,55,12,3,30,49,46,281,377,176,36,22,471,14,7,185,323,33,129,6,51,81,39,92,28,224,7,0,34,181,75,12,217,33,54,74,3,114,269,107,301,6884,207,59,8,73,68,3262,672,33,0,271,73,55,10,1125,40,104,78,168,0,211,156,6,4,138,43,107,5,80,242,0,254,48,623,68,10,221,19,5469,172,1,79,48,2465,125,12,116,21,65,15,140,388,9,152,158,4,55,34,7063,16,214,1,79,0,0,41,26,5,14,28,36,128,1,12,83,10,63,2839,0,225,186,0,255,38,5,0,12,24,294,183,2,110,2127,59,5,160,102,1,52,0,4,310,20,188,106,13,3413,196,93,544,21,8,308,356,977,80,484,2379,49,36,147,2,13,16,31,310,14,254,156,10,320,1,170,245,10,277,5,40,21,45,29,6,61,136,14,63,249,197,5,76,309,0,13,1978,77
"Cell39","Group1",98,5,23,2,404,53,3,3,56,37,22,201,296,132,38,11,374,17,1,193,160,22,130,10,41,82,25,61,35,157,2,0,34,107,37,7,134,32,16,86,0,67,193,67,142,4862,129,44,14,29,82,2267,427,21,0,154,50,52,4,809,27,97,75,188,0,132,123,34,0,130,61,77,2,59,182,3,234,38,464,47,7,222,10,4113,109,3,63,63,2143,49,8,89,14,18,7,103,305,9,49,71,8,39,36,4321,9,90,1,47,0,0,36,26,5,10,35,40,131,0,6,49,4,41,2106,0,226,138,0,194,52,10,6,5,14,308,148,0,37,1660,36,3,107,102,0,28,1,2,227,24,91,41,27,2328,167,132,324,29,4,371,307,594,24,423,1476,58,32,105,0,22,20,8,286,18,210,97,3,150,0,85,174,5,166,3,25,15,7,15,0,40,148,12,29,131,84,1,68,269,1,21,1469,44
"Cell40","Group1",104,23,50,1,524,68,21,4,33,69,34,188,478,156,43,13,426,19,9,237,287,26,167,11,108,86,30,69,15,131,1,2,47,169,93,14,309,18,24,157,1,191,281,68,356,6824,114,47,12,52,80,3426,689,34,1,354,78,63,7,1036,23,124,89,253,0,195,142,39,5,139,55,98,8,113,246,0,377,54,860,54,6,283,35,6051,151,10,55,51,2988,127,12,98,18,45,11,112,525,15,110,239,8,49,37,5739,24,197,4,59,0,0,42,16,10,31,38,51,161,3,7,102,4,81,2304,0,201,241,0,243,36,13,0,17,17,359,221,1,73,2374,93,11,146,112,1,51,3,3,352,41,252,104,16,3809,259,103,547,54,3,494,292,827,40,617,2536,35,87,171,0,16,37,37,535,23,240,67,2,303,5,162,250,33,210,10,38,27,36,29,0,54,136,34,89,229,170,5,82,381,4,26,2210,75
"Cell41","Group1",125,13,46,10,727,54,9,2,62,64,77,222,589,179,36,32,401,11,13,235,283,30,145,5,75,139,25,70,31,269,6,0,51,195,100,27,273,25,54,124,0,120,286,123,253,7372,162,60,16,36,110,3610,623,36,0,305,83,56,9,1131,40,156,77,197,0,221,166,15,8,158,24,98,3,119,296,0,316,57,620,65,10,259,29,6849,96,11,96,90,3371,108,7,91,20,61,22,201,387,8,70,205,5,85,85,7115,27,175,7,67,0,0,39,37,3,15,49,50,204,1,0,94,8,54,2595,0,194,244,0,294,62,7,2,9,23,348,212,0,99,2897,57,19,190,115,3,64,0,0,480,69,242,121,33,4961,263,105,366,26,2,479,303,753,62,682,2046,56,55,163,0,35,20,30,451,30,251,119,2,252,5,221,337,9,270,9,56,47,49,21,1,68,232,29,64,362,189,12,80,494,4,61,1903,66
"Cell42","Group2",90,10,14,23,565,41,31,6,37,55,45,260,395,157,19,13,157,21,5,291,262,15,101,9,85,39,28,54,30,217,0,0,47,243,55,14,209,20,39,98,1,65,269,122,204,5511,199,82,10,63,121,3281,573,29,1,259,63,39,6,726,37,107,88,181,0,175,139,44,4,197,27,74,1,50,247,0,303,85,497,58,6,268,19,6687,138,9,98,82,2874,136,20,46,6,69,27,91,342,15,122,157,2,69,49,5829,11,165,2,57,0,0,93,26,8,14,33,59,236,4,5,109,8,72,2550,0,197,201,0,225,36,28,1,5,33,361,141,0,67,2957,56,3,156,143,3,39,3,2,336,57,215,73,19,4248,191,115,435,20,11,349,267,680,53,530,2362,42,56,148,1,29,27,17,355,19,208,94,5,170,1,150,267,9,102,4,29,27,24,49,1,33,204,32,63,216,216,14,57,335,4,22,471,51
"Cell43","Group1",111,10,29,3,633,100,9,8,62,68,81,204,538,142,44,36,510,30,16,311,291,22,134,14,80,119,41,99,14,243,5,1,50,220,65,11,252,24,56,146,4,158,296,146,191,7898,164,51,8,44,122,3909,760,32,0,332,89,82,14,1439,34,145,95,311,0,234,190,12,2,208,46,85,9,53,226,1,330,62,706,43,5,271,41,7333,221,2,104,153,2390,148,7,97,17,96,21,128,345,15,101,248,6,56,67,6725,6,172,2,90,0,0,61,27,12,35,59,52,248,1,13,56,12,70,2978,0,332,207,0,347,36,11,5,11,34,383,414,2,88,2790,90,22,161,128,1,93,0,1,457,75,186,73,31,4601,261,86,487,31,8,484,329,912,69,391,2281,34,69,109,0,25,24,8,242,18,305,166,5,352,1,199,265,11,212,0,75,38,38,12,0,61,204,17,57,203,212,8,120,466,5,23,2231,74
"Cell44","Group2",136,10,11,1,532,48,10,9,37,59,50,141,589,140,27,14,219,12,14,212,216,14,181,2,68,63,30,71,31,136,12,0,36,114,56,23,127,21,29,81,1,37,183,87,332,4821,165,45,6,55,100,2899,594,24,0,258,95,52,12,462,46,109,69,235,0,177,151,25,1,156,24,103,0,96,204,0,190,43,534,40,10,347,15,6271,123,4,85,93,2345,133,4,63,13,65,4,65,261,9,98,217,16,40,44,4743,15,137,6,85,0,0,57,13,4,41,46,74,188,2,8,57,2,64,2673,0,188,185,0,133,27,17,3,13,15,334,181,2,81,2389,58,17,132,152,0,55,1,1,317,58,152,61,6,3049,233,88,309,27,2,458,339,647,48,337,2191,32,55,130,0,11,27,11,307,24,322,127,1,104,0,164,259,15,107,6,50,48,25,24,0,38,175,37,85,207,141,2,52,351,2,18,460,44
"Cell45","Group1",123,6,23,3,556,66,8,2,76,60,34,252,522,218,46,32,467,15,8,232,298,24,185,8,40,99,31,112,54,244,1,0,91,170,78,50,251,35,70,126,1,106,319,110,325,7380,179,44,10,43,151,2870,791,41,1,387,87,39,9,1242,16,126,94,300,0,201,150,26,2,147,29,109,5,80,293,1,403,55,696,63,12,302,38,6073,167,5,136,102,2377,145,1,90,31,52,12,159,406,24,133,156,9,41,76,5603,27,148,2,83,0,0,25,36,13,54,51,41,181,0,4,83,6,85,3794,0,192,234,0,304,31,13,1,29,29,494,187,0,150,2072,95,9,166,148,1,34,1,10,355,43,199,75,19,4416,270,167,352,13,16,599,339,832,41,611,3074,52,66,141,3,28,30,17,464,17,230,97,1,224,4,211,345,8,246,3,35,49,43,8,0,46,201,28,105,300,167,5,97,372,3,57,1980,96
"Cell46","Group1",133,8,23,9,649,67,19,0,37,52,48,255,414,172,52,64,516,32,9,249,269,23,203,5,67,85,34,73,31,286,9,0,67,207,77,13,302,30,28,117,0,129,314,58,200,7543,180,55,17,42,114,3310,517,19,0,281,92,58,18,1166,35,128,37,178,0,266,213,12,0,178,57,57,11,69,203,0,273,58,713,44,10,362,23,6685,99,26,84,129,2462,185,10,113,16,56,9,123,410,16,140,216,3,54,33,6826,30,164,9,69,0,1,58,11,8,28,46,46,208,0,2,97,13,60,3515,0,188,144,0,365,37,8,4,13,34,446,213,1,97,2694,60,14,175,103,6,62,1,0,365,135,231,83,26,3721,248,118,466,27,6,585,409,906,61,586,2019,41,66,215,0,32,19,23,502,23,194,123,7,409,0,188,487,3,185,8,44,26,26,8,1,39,129,18,64,243,167,4,47,363,8,21,1850,105
"Cell47","Group2",90,7,12,15,487,54,11,2,27,30,23,150,413,126,9,22,172,7,9,206,198,17,134,3,44,32,16,62,20,160,7,1,58,147,34,9,130,15,45,155,1,30,208,84,175,4457,98,37,17,46,57,2371,500,23,3,238,60,31,4,569,36,126,57,176,0,188,126,17,3,130,39,81,4,101,169,1,248,46,505,29,11,206,28,5080,79,12,59,51,2354,88,10,52,28,43,15,88,270,6,107,119,6,20,52,5717,19,128,4,51,0,0,32,15,4,16,30,42,140,1,5,42,3,50,1814,0,174,147,0,167,32,19,2,2,14,254,192,0,56,1947,67,9,102,111,0,32,0,4,424,70,160,75,16,2568,170,93,334,17,3,285,262,568,46,408,1968,28,35,92,0,8,20,16,309,22,236,99,0,114,0,145,314,31,86,6,36,23,18,31,6,18,107,32,55,155,126,2,47,249,3,20,488,53
"Cell48","Group2",88,8,19,10,516,35,8,3,32,45,31,225,460,162,20,21,193,20,5,221,197,14,91,16,51,61,23,44,39,180,3,2,42,168,61,13,212,8,18,84,0,33,231,52,236,5947,199,39,29,44,68,2616,382,28,1,246,52,38,3,568,20,110,67,151,0,203,112,23,1,174,35,44,8,47,179,3,223,40,541,34,10,283,14,4860,168,8,59,102,2209,203,24,64,12,49,6,97,290,15,110,252,2,37,37,5500,10,156,7,64,0,2,49,20,9,46,30,48,193,1,4,61,1,39,2014,0,182,178,0,140,28,5,3,10,22,295,241,2,90,2102,49,16,193,124,1,45,0,0,312,76,172,61,18,3820,173,86,262,18,7,530,198,656,45,524,1868,38,44,167,0,30,37,13,218,16,165,132,1,186,4,124,318,15,74,4,22,39,22,34,4,26,113,47,61,231,149,11,65,286,0,25,339,67
"Cell49","Group2",144,18,24,10,800,75,26,2,46,59,53,255,856,152,24,26,220,7,3,232,334,25,210,17,90,41,49,87,60,289,5,0,43,209,50,15,241,33,65,77,0,72,335,165,190,7574,209,89,28,49,112,3873,588,38,0,289,59,27,11,655,44,144,122,215,0,247,245,37,1,200,48,88,3,122,253,0,292,71,861,92,8,338,38,5688,157,9,84,119,3015,156,8,70,15,79,27,103,520,9,162,336,4,64,59,7110,12,163,8,64,0,1,50,23,11,32,50,82,220,2,12,112,7,94,2873,1,260,245,0,202,26,7,1,18,18,276,329,0,142,2442,94,13,134,160,0,49,5,4,374,76,203,115,30,5282,221,151,422,59,1,516,436,1047,97,620,2879,48,61,177,0,24,27,14,581,21,266,127,1,282,3,237,325,30,112,2,61,66,26,17,2,23,264,55,106,248,239,5,145,453,1,34,507,77
"Cell50","Group2",105,7,13,11,335,28,4,6,16,45,18,176,338,69,21,30,125,21,6,160,196,11,93,7,47,61,28,38,24,130,4,3,45,95,24,13,234,23,14,62,5,25,200,56,144,4521,153,35,19,38,89,2218,383,22,0,201,44,39,7,641,23,81,36,150,0,140,112,18,1,107,14,56,7,25,153,0,200,45,446,66,5,292,12,4219,119,2,69,106,2368,96,4,56,7,38,6,120,287,5,93,120,5,56,32,4297,5,80,6,43,0,0,25,19,5,20,35,32,162,0,2,58,2,53,1749,0,173,117,0,200,27,4,3,5,26,262,209,1,75,1460,53,8,106,102,0,51,3,0,392,41,165,52,20,2620,166,72,273,34,1,312,189,599,37,400,1928,44,19,108,0,11,38,10,285,18,146,62,1,141,0,158,214,16,81,2,19,26,21,5,4,47,103,14,44,225,146,2,50,284,0,20,297,46
"Cell51","Group2",138,5,16,11,528,80,12,2,28,27,23,270,356,155,27,40,242,31,26,230,227,21,191,1,49,37,49,51,41,238,9,1,51,200,53,14,202,13,26,80,1,52,183,78,249,6166,117,20,23,47,84,2833,748,25,0,242,60,33,12,620,18,108,94,128,0,214,161,16,5,234,22,69,3,59,283,0,249,61,606,49,5,269,24,5514,180,1,45,87,2464,126,19,88,14,41,21,99,375,20,135,183,4,64,64,6815,4,152,5,72,0,0,27,25,3,28,45,79,215,0,7,89,8,69,2248,0,201,210,0,170,35,7,5,10,13,340,209,0,90,1925,48,13,149,107,0,66,1,0,327,84,197,60,33,3149,239,126,392,21,3,371,302,900,42,488,2673,55,36,184,0,14,32,16,366,22,192,140,2,186,4,143,301,14,78,6,48,52,30,25,3,41,117,34,52,221,164,2,84,342,4,10,397,67
"Cell52","Group1",165,13,41,19,709,116,24,5,100,78,56,320,662,249,81,41,481,24,11,367,367,32,211,12,93,97,69,91,46,212,3,0,79,239,126,16,271,28,38,126,0,170,413,207,332,9938,202,43,24,57,148,4307,869,33,0,365,83,59,1,1436,46,163,95,211,0,302,293,43,1,225,81,104,9,125,357,0,300,37,914,64,11,431,38,8014,180,5,93,81,3336,199,12,208,54,72,16,186,629,18,113,301,10,87,55,8844,19,201,4,105,0,0,43,29,10,54,87,77,300,1,20,173,2,103,3864,0,282,269,0,408,63,17,2,12,18,507,401,1,95,3044,107,20,253,151,4,49,1,2,527,70,219,136,43,3738,336,170,350,54,5,767,500,1208,96,821,3056,55,92,195,3,18,53,50,526,20,338,125,1,362,1,261,435,19,243,30,69,31,40,32,1,89,218,48,116,311,231,6,116,623,1,55,2645,103
"Cell53","Group2",102,33,22,4,704,70,24,6,70,63,37,219,632,153,29,25,179,24,18,352,264,35,256,8,87,74,66,109,23,287,12,0,67,175,60,20,202,31,27,108,0,63,248,169,246,8770,231,82,13,67,124,3604,743,27,0,278,92,77,12,788,36,92,90,189,0,212,171,28,7,239,88,64,4,90,247,1,417,40,787,57,6,287,33,7078,230,11,96,171,2646,84,11,78,14,58,10,182,336,11,148,239,5,61,79,8407,8,171,3,109,0,0,57,17,18,32,59,62,290,8,1,93,3,71,2783,0,249,279,0,216,40,10,1,6,25,341,318,0,83,2634,96,13,163,229,1,40,6,0,519,78,243,72,15,4021,288,89,407,30,14,566,366,1009,60,548,2607,61,58,162,3,22,37,33,592,21,228,97,6,246,1,207,304,31,120,8,84,48,38,34,14,47,223,46,85,244,228,7,99,418,4,41,556,129
"Cell54","Group1",136,7,32,21,604,45,9,4,41,50,40,260,617,145,54,37,632,41,11,310,399,13,124,6,85,93,33,122,22,227,2,0,26,169,90,15,278,39,40,146,1,131,367,88,158,9355,185,81,5,53,139,3990,642,50,0,250,77,57,18,1546,33,110,104,314,0,268,220,25,2,194,60,96,3,67,255,0,424,52,759,48,4,362,31,6339,209,5,118,123,3561,226,18,144,26,46,11,193,464,20,113,213,2,78,71,7918,19,154,6,106,0,0,52,17,9,23,41,61,187,3,5,133,6,49,3966,0,270,216,0,441,61,9,2,9,32,478,286,0,157,3057,63,14,216,113,2,70,0,1,361,40,290,56,21,4906,235,141,551,24,7,491,550,950,91,530,2504,66,110,105,0,35,25,21,447,12,251,146,4,444,4,189,408,12,153,2,91,48,38,21,4,82,140,35,130,304,175,10,83,383,3,22,2771,80
"Cell55","Group1",132,11,41,7,542,41,9,1,39,61,62,152,565,217,36,20,380,34,14,209,280,15,145,2,81,67,26,41,20,169,4,0,64,173,56,5,333,25,22,146,0,113,331,104,246,6184,154,41,10,63,61,2758,539,44,0,289,89,76,11,846,26,110,94,201,0,205,129,13,0,176,37,63,5,100,274,0,371,61,551,67,10,333,26,6916,173,14,92,135,2928,136,21,97,35,45,16,129,448,31,141,176,5,46,27,6440,16,147,5,77,0,0,54,25,6,44,28,46,200,8,5,66,0,42,2571,0,278,178,0,318,67,18,7,13,22,319,297,1,68,3002,69,5,150,94,2,104,1,2,374,78,229,73,24,4323,246,113,368,41,4,466,276,968,65,531,2559,41,68,105,0,22,31,15,363,24,197,122,5,284,3,217,433,29,216,7,44,40,34,31,0,41,139,23,108,236,142,8,66,507,2,50,2183,94
"Cell56","Group2",149,16,38,8,735,88,27,5,69,59,70,335,724,194,34,41,308,22,7,332,340,42,237,12,113,83,67,58,56,290,11,0,106,224,66,9,288,41,41,162,1,63,367,126,302,9966,290,66,40,86,70,5209,1029,28,0,355,108,77,9,750,66,153,104,263,0,317,259,46,1,276,68,95,7,90,311,0,330,59,1126,100,9,462,26,8750,234,7,132,172,4050,172,22,135,48,97,13,226,474,13,141,283,10,85,54,8768,23,212,10,110,0,1,28,57,8,40,55,108,313,0,2,153,10,60,3220,0,219,189,0,254,43,18,0,8,24,473,354,0,126,1977,97,17,233,170,2,81,5,2,531,102,254,82,36,5457,312,145,481,53,4,614,521,1156,77,836,3043,66,59,249,0,27,28,32,465,30,290,186,1,385,0,192,433,30,140,17,44,39,50,37,7,74,132,51,122,328,234,7,82,656,7,46,763,108
"Cell57","Group1",100,18,32,3,563,67,9,4,45,65,30,302,491,199,58,25,455,20,10,280,274,23,149,7,77,133,25,89,28,250,5,0,72,203,71,49,216,40,57,107,6,204,359,178,250,7913,189,40,19,94,118,3711,809,33,0,249,86,81,25,1280,36,119,98,247,0,162,181,28,0,195,62,91,7,94,319,1,250,59,851,62,11,434,35,6215,176,8,83,115,3320,172,18,187,26,82,9,139,493,21,149,283,1,55,80,6825,32,219,8,95,0,0,57,33,6,45,37,67,210,2,4,138,3,109,2960,0,208,172,0,372,44,12,4,10,30,311,279,0,80,2265,113,21,150,173,10,51,1,2,496,114,215,80,38,4508,312,178,650,34,1,489,319,1180,55,449,2690,77,63,143,2,28,42,47,600,15,230,175,0,312,3,226,450,10,229,1,39,31,38,20,3,60,158,39,109,332,197,8,118,578,0,34,2684,94
"Cell58","Group2",165,23,14,5,425,70,18,5,56,31,46,257,442,242,17,28,221,29,6,254,165,15,116,5,79,55,31,46,26,203,2,0,55,126,44,13,243,23,16,142,0,47,236,147,196,6017,235,39,32,61,108,2368,777,16,0,214,37,52,5,394,47,98,105,116,0,156,125,22,0,219,38,47,2,76,292,0,357,49,729,69,8,328,33,5754,108,8,86,85,2708,141,10,86,5,68,11,137,352,6,108,148,6,40,73,5669,2,118,4,107,0,0,44,31,4,44,43,72,192,0,9,77,1,98,2204,0,239,181,0,218,28,18,2,16,15,436,218,0,56,2356,87,8,148,137,1,58,0,0,445,38,202,63,22,3886,250,106,384,16,9,520,394,731,74,490,2179,48,66,116,0,21,36,24,319,16,180,97,1,282,1,197,316,23,41,7,45,28,35,36,4,41,214,37,37,180,136,8,88,301,1,32,579,31
"Cell59","Group1",96,5,22,12,314,41,16,2,27,42,61,193,399,113,41,13,416,18,5,174,174,6,109,2,43,103,47,81,21,122,6,1,31,111,30,10,210,15,30,96,11,99,216,66,209,6200,172,26,6,38,87,2865,536,16,0,214,76,52,5,778,14,78,44,132,0,201,152,12,2,152,26,78,1,57,165,1,277,24,592,41,7,199,24,4126,196,5,55,100,2793,132,11,99,14,37,29,78,326,14,124,163,4,36,39,4163,11,68,1,51,0,0,59,12,11,18,40,55,196,2,5,108,10,48,1929,0,231,167,0,237,40,19,1,5,12,313,193,2,75,1656,58,8,138,102,0,28,0,6,355,73,130,56,10,3128,192,90,257,31,3,484,241,535,49,366,1943,45,25,112,0,16,31,18,290,17,172,90,1,173,3,145,329,9,137,1,44,29,27,8,1,54,132,26,71,218,113,11,55,315,1,33,1749,60
"Cell60","Group2",113,12,18,20,698,75,26,4,43,70,62,245,567,119,18,31,193,24,9,241,266,11,85,1,69,88,30,114,40,302,4,0,57,168,67,18,151,44,31,128,1,40,239,96,232,6362,248,65,30,81,87,4303,702,38,1,216,87,43,10,626,42,109,85,193,0,197,210,19,1,144,60,77,4,67,248,0,328,62,561,51,9,279,19,6068,142,2,106,100,2446,160,17,107,16,59,9,122,420,7,88,238,4,56,56,8061,14,128,5,59,0,1,56,24,20,43,46,56,162,2,16,92,10,46,3044,0,199,155,0,195,47,12,3,8,10,396,298,0,101,3124,50,9,145,148,3,44,0,0,382,76,210,67,27,4358,281,138,443,22,13,434,432,685,24,456,2791,49,45,160,0,22,29,18,307,18,208,124,4,220,2,146,384,24,109,2,53,22,41,28,4,65,190,37,80,217,199,12,117,347,3,24,585,67
"Cell61","Group1",153,28,39,3,807,76,18,14,75,67,77,245,585,176,71,59,715,39,23,316,335,22,202,14,99,124,50,121,69,358,2,0,83,252,83,17,256,38,33,241,2,210,411,106,300,11417,155,80,36,101,257,4294,814,49,0,335,113,96,20,1366,34,162,89,327,0,294,201,63,5,203,62,116,6,130,399,0,336,85,936,84,18,278,25,7229,211,11,152,159,3544,185,5,181,20,104,19,130,629,28,187,254,2,85,70,11236,15,259,1,95,0,1,61,34,12,63,65,94,332,2,9,109,1,91,4126,0,457,242,0,302,59,33,5,8,48,477,310,0,137,3156,110,35,253,190,1,78,1,2,446,110,243,159,22,5398,256,180,628,60,11,737,513,1017,132,567,3517,59,84,167,3,30,64,27,592,15,357,200,4,453,2,187,335,15,355,26,60,41,38,33,4,113,356,30,78,294,238,20,141,538,13,37,3623,84
"Cell62","Group1",109,14,30,13,669,43,11,6,49,68,31,228,515,189,32,32,394,3,16,295,270,11,189,11,77,89,66,63,37,250,13,2,59,195,64,10,181,34,45,129,3,122,311,120,246,8664,184,36,10,46,95,3831,528,23,0,225,66,41,12,1068,18,126,132,262,0,209,214,34,0,172,57,80,7,68,260,1,253,51,736,48,18,290,32,6159,135,10,111,125,3242,108,17,114,16,34,11,119,438,14,153,173,10,42,66,8801,17,143,2,66,0,0,43,24,11,40,21,50,239,1,7,114,4,107,2856,0,234,221,0,276,52,7,2,6,27,318,229,0,100,2440,90,7,183,84,1,53,0,7,385,59,252,55,27,3782,306,122,508,37,8,570,291,895,68,608,2194,36,54,144,0,11,29,26,336,37,284,131,2,267,1,214,256,26,215,22,32,47,27,8,1,71,189,32,96,241,195,12,124,415,2,28,1822,131
"Cell63","Group1",138,15,27,3,491,56,3,3,43,35,49,162,418,133,28,15,365,10,6,255,195,6,121,5,84,82,37,50,55,161,2,0,55,171,58,28,182,17,40,58,0,92,151,49,165,7243,165,56,7,39,86,2813,512,20,0,199,32,35,3,696,13,100,47,198,0,197,195,14,1,134,16,86,3,66,191,1,244,40,491,37,5,209,29,5517,126,4,62,127,2134,85,1,144,9,47,12,58,297,16,79,148,6,69,39,5443,7,184,6,51,0,0,33,5,3,18,56,29,189,1,7,92,2,43,2276,0,205,182,0,150,21,7,1,22,11,293,172,0,93,1787,46,8,154,77,0,23,2,3,398,76,179,58,12,3831,181,87,268,9,6,418,211,920,27,345,1670,40,73,97,0,25,25,17,273,17,233,106,1,198,2,166,339,10,189,5,38,34,39,2,0,27,127,21,86,180,159,8,43,291,3,39,1869,83
"Cell64","Group2",138,11,22,5,500,70,14,3,39,47,45,285,368,105,26,15,157,19,5,247,219,13,146,9,58,74,43,74,24,245,4,0,75,191,58,10,173,19,53,132,1,42,277,135,174,6796,246,54,22,43,89,3633,669,21,0,231,65,31,8,654,59,93,70,209,0,214,103,9,4,160,44,63,12,111,279,0,302,52,597,36,15,233,17,5475,182,4,106,91,2995,221,6,53,26,53,27,95,470,12,107,114,1,55,55,6523,11,174,1,89,0,0,35,21,8,23,48,39,214,4,3,85,2,53,2423,0,232,195,0,214,29,6,1,13,22,269,249,0,80,2359,50,18,135,117,1,32,6,1,429,58,203,71,30,3808,218,134,410,7,4,346,309,658,60,583,2157,40,53,126,0,33,39,16,328,13,258,92,4,206,3,179,290,25,60,5,57,23,42,49,4,46,164,29,67,247,144,18,54,331,9,25,412,81
"Cell65","Group1",85,11,11,3,319,52,3,1,54,38,44,157,345,133,38,25,360,14,3,212,207,15,197,7,86,90,23,50,22,154,2,0,26,103,51,24,131,18,29,71,0,76,220,92,188,5642,164,26,8,35,69,2270,403,25,0,283,72,60,9,1045,29,79,72,181,0,171,136,9,1,133,25,57,7,59,174,0,238,32,517,43,11,265,27,4166,109,7,58,81,2238,100,6,86,12,58,16,108,399,4,59,212,4,49,39,5303,11,145,1,48,0,0,28,15,0,22,41,29,156,1,2,48,6,73,2036,0,117,143,0,202,51,5,1,9,10,255,190,2,60,1873,58,9,97,105,0,28,2,1,401,41,112,48,13,3339,179,99,257,12,3,362,203,570,56,326,1741,38,28,80,2,19,40,28,293,21,127,90,2,216,1,120,257,6,174,4,44,12,43,21,7,58,148,19,53,209,120,6,42,242,0,21,1483,51
"Cell66","Group2",92,3,18,5,441,25,22,4,34,32,43,128,458,96,14,16,93,13,0,165,246,10,57,12,62,59,25,50,22,109,3,1,35,99,26,4,129,11,24,85,1,37,192,132,220,4390,182,39,5,36,55,2645,448,36,2,167,61,44,9,464,29,60,44,150,0,198,176,12,0,126,8,42,5,48,116,0,201,18,494,34,3,180,13,4878,80,5,71,109,2207,109,11,66,5,44,4,89,289,4,84,140,6,34,28,4173,7,115,2,59,0,0,44,16,11,21,56,37,129,3,7,52,10,52,2042,0,133,196,0,126,33,2,3,2,17,246,201,1,82,1892,64,13,128,105,1,41,1,0,333,57,198,39,20,2421,164,92,235,31,6,285,265,578,41,426,1715,37,20,117,2,13,17,15,262,23,166,86,1,161,1,140,278,10,118,3,23,22,13,23,1,32,202,24,47,146,82,6,52,233,5,22,411,46
"Cell67","Group1",47,7,39,15,566,61,10,4,42,46,28,305,418,125,46,23,512,13,1,199,231,12,165,6,58,102,31,51,31,176,1,0,60,233,56,22,307,12,30,146,2,110,267,93,202,7583,155,52,6,58,93,3339,560,20,1,219,64,45,8,1017,42,111,81,187,0,231,218,19,0,130,36,87,8,67,241,0,311,81,589,43,10,248,53,6587,135,9,64,144,3163,101,10,125,10,39,17,157,458,12,136,269,8,53,54,6883,17,178,0,100,0,0,33,21,24,30,54,45,218,9,4,100,1,64,3102,0,220,169,0,218,35,10,1,12,32,289,241,0,67,2070,83,19,162,112,1,60,0,1,441,125,210,68,26,4188,309,103,335,41,2,461,335,800,38,497,2574,42,35,145,0,14,37,29,419,12,295,128,1,368,2,198,274,22,166,2,52,57,23,13,9,30,135,9,72,166,174,4,124,364,8,15,1996,91
"Cell68","Group1",77,8,42,3,520,76,15,4,25,43,58,167,541,161,73,18,522,14,4,274,304,15,153,6,63,81,22,45,49,223,8,0,44,194,52,17,176,34,33,129,0,126,199,76,156,6710,105,67,5,71,101,4151,656,36,2,232,61,44,3,1072,28,152,74,217,0,137,170,28,3,139,34,97,0,77,202,0,334,62,744,73,4,206,25,4951,100,7,103,105,3291,141,13,86,21,48,9,89,397,13,84,204,4,48,28,6893,29,166,4,65,0,0,50,28,5,36,63,44,216,2,13,75,5,36,2673,1,258,262,0,313,28,8,3,16,35,331,189,0,83,2711,36,11,119,109,5,27,0,0,359,99,220,98,33,4516,257,140,464,38,4,543,292,717,55,528,2966,28,51,156,4,32,16,25,521,14,240,122,1,319,3,203,280,14,221,0,32,26,25,33,3,54,173,17,99,289,151,3,83,397,0,30,2627,124
"Cell69","Group2",187,15,15,2,508,72,18,8,49,58,29,214,620,147,27,43,183,17,3,231,255,15,202,11,97,55,49,98,16,193,13,2,50,150,54,13,196,19,35,83,3,48,359,84,282,7250,192,50,24,46,83,2295,563,50,0,297,56,37,15,616,46,108,82,189,0,174,207,25,8,139,27,91,1,72,180,1,343,55,470,56,18,374,21,6704,174,5,112,109,3096,110,7,93,9,74,18,149,443,6,151,204,4,44,58,8155,13,180,2,66,0,0,38,22,8,17,23,59,223,3,4,77,12,54,3196,0,195,189,0,244,35,7,12,8,33,240,196,0,96,2240,78,12,185,166,0,37,1,3,467,55,215,46,22,4449,328,94,498,29,9,530,337,841,38,337,2721,66,44,163,2,15,24,28,401,39,260,109,1,205,4,196,250,47,77,15,46,44,42,16,3,25,151,59,83,319,203,8,140,293,8,39,533,105
"Cell70","Group2",71,7,15,2,487,54,25,3,38,40,35,165,617,135,19,26,191,31,7,162,181,14,109,6,63,55,33,65,34,149,3,5,58,135,71,10,162,10,31,95,0,40,266,133,149,5747,148,36,19,74,72,2931,440,26,0,209,78,49,9,569,10,110,74,150,0,100,132,20,2,178,21,55,1,56,195,1,337,55,505,43,6,256,19,5299,100,13,73,54,2618,148,4,55,13,62,15,140,329,11,111,206,3,31,52,5448,16,193,5,61,0,0,53,10,10,12,31,69,169,1,0,61,9,47,2120,0,231,174,0,150,33,4,3,21,15,263,198,0,84,2505,68,7,155,150,2,38,1,4,351,44,107,52,42,3578,189,82,314,16,3,343,255,662,62,414,2076,36,42,99,0,13,18,17,292,10,204,135,1,208,2,161,275,24,85,6,47,29,39,7,0,32,153,39,59,184,153,14,62,330,0,26,355,62
"Cell71","Group1",206,24,40,8,685,86,20,0,40,47,93,293,674,177,46,28,688,23,4,391,430,21,209,8,140,109,59,77,48,230,10,1,61,211,108,27,293,47,51,125,0,213,291,150,367,9536,336,84,19,84,158,4651,975,36,0,420,67,55,16,1486,30,102,155,179,0,323,241,35,0,278,52,97,7,96,471,2,312,73,1043,50,26,367,49,7701,171,8,110,155,5043,199,21,146,30,83,13,166,554,17,223,260,4,69,52,9046,23,164,1,111,0,0,65,22,6,28,41,84,363,4,1,126,14,85,3355,1,313,317,1,450,49,5,2,14,23,479,352,0,174,3313,99,17,197,154,2,118,1,1,527,74,278,79,33,4086,382,142,645,45,7,642,376,1133,64,523,3125,84,96,222,2,44,49,24,601,31,368,196,6,454,8,214,413,20,195,0,38,28,44,17,1,63,230,30,71,326,232,9,133,518,4,37,3129,87
"Cell72","Group1",151,15,40,11,817,76,16,5,59,102,79,259,580,227,88,39,647,42,11,302,371,33,219,9,67,225,65,68,77,345,11,0,98,164,73,29,231,52,42,138,1,180,282,85,316,9528,189,82,21,71,131,5567,869,36,0,309,108,61,12,1607,45,174,109,255,2,175,227,64,1,229,33,113,13,106,289,1,474,76,1135,62,6,390,33,8388,177,9,110,96,3339,230,15,131,20,90,21,147,519,14,184,296,7,78,67,8354,22,232,11,108,0,0,66,33,20,37,52,61,237,6,5,111,21,91,3833,0,297,217,0,368,54,13,3,20,56,427,384,0,153,3046,48,18,266,184,3,53,1,0,436,82,397,130,28,4725,318,143,483,27,5,628,316,917,108,597,3448,96,71,229,0,40,52,41,555,3,313,183,3,365,0,243,491,12,321,11,81,29,48,20,10,98,185,37,102,336,261,13,87,503,2,52,2927,154
"Cell73","Group2",83,41,33,11,629,43,14,2,18,52,55,161,284,148,42,46,185,21,21,245,244,10,166,5,78,72,65,56,24,213,2,2,56,134,41,16,222,30,26,51,1,42,266,80,221,7706,137,51,18,57,77,3151,649,40,0,275,87,39,7,751,40,159,72,245,0,227,152,28,2,141,34,90,0,74,225,0,271,41,591,51,6,214,17,7029,127,2,107,153,2732,124,9,62,18,37,16,186,379,11,114,171,1,21,46,6167,16,256,3,72,0,0,45,6,4,37,56,30,156,4,2,77,2,73,2477,0,195,201,0,137,31,12,0,10,17,377,266,0,88,1879,88,11,176,154,0,51,0,1,383,61,152,80,11,3625,252,105,408,24,2,575,279,830,66,594,2378,62,66,152,1,14,26,46,545,18,224,104,3,220,8,184,378,23,122,5,43,21,25,35,1,38,209,31,89,190,124,11,87,457,4,23,464,70
"Cell74","Group2",116,11,30,10,726,69,15,3,55,51,76,282,463,164,33,49,245,17,5,233,390,19,204,2,57,89,67,109,37,260,19,0,49,140,90,27,214,18,38,86,0,44,400,87,320,7215,171,50,14,93,84,3358,832,39,0,262,72,61,15,753,48,122,116,214,0,240,173,49,0,191,39,83,7,75,191,1,474,55,879,68,6,279,11,7642,109,2,93,134,3723,200,11,57,18,74,11,175,471,15,186,201,2,36,37,7169,16,156,5,79,0,0,53,29,10,39,30,35,203,2,9,111,5,77,2736,0,237,206,0,288,38,34,2,7,17,321,245,0,116,2678,92,7,174,180,0,48,1,1,483,49,268,83,24,4408,382,133,394,15,15,689,356,956,100,462,2731,85,55,142,2,15,30,21,329,21,282,123,3,266,2,149,316,25,112,3,55,40,32,20,1,36,234,53,92,313,179,14,129,489,6,26,673,134
"Cell75","Group1",115,30,30,18,634,55,7,6,44,59,38,267,453,110,36,23,380,14,3,292,250,14,228,15,76,62,52,45,25,219,4,0,76,199,23,6,243,39,56,156,2,152,318,87,253,6975,150,49,8,72,108,2964,694,16,0,348,76,40,13,1162,32,118,72,210,0,154,122,43,1,180,36,83,10,38,289,0,267,47,693,33,16,228,32,5248,161,12,61,82,2673,149,5,152,21,55,8,158,357,9,84,178,0,52,44,7467,16,175,5,54,0,0,59,19,3,34,39,33,179,1,3,115,8,62,2698,1,266,213,0,216,42,8,2,4,21,252,241,0,96,2685,70,20,162,137,4,26,4,1,489,68,175,77,10,3156,318,127,526,38,3,541,351,908,50,552,2237,40,71,140,0,15,39,18,462,22,238,83,2,206,3,185,417,11,163,5,34,22,35,20,5,47,179,26,96,212,221,3,91,296,1,21,2388,52
"Cell76","Group1",81,11,24,4,504,48,14,3,58,60,28,242,458,110,49,20,343,19,15,210,209,17,159,6,95,112,34,50,38,144,21,0,67,160,56,21,155,34,32,115,0,149,369,99,255,7264,119,58,5,30,90,3356,525,20,0,298,69,42,9,1223,18,90,118,174,0,230,164,46,1,174,44,65,6,64,170,0,248,52,470,51,7,284,27,6372,144,4,115,104,3774,163,9,76,12,31,8,107,444,10,114,158,2,48,41,4880,18,190,2,69,0,0,42,20,3,18,47,31,183,3,8,87,3,34,2806,0,287,209,0,307,46,3,0,7,32,242,232,0,85,2018,64,5,131,106,3,25,2,5,413,85,187,74,4,3495,211,108,361,37,4,507,266,646,56,446,2387,45,69,155,1,22,41,29,348,18,254,167,0,295,2,158,268,14,310,7,36,33,22,22,0,58,142,13,62,247,214,3,63,394,3,32,2031,58
"Cell77","Group1",67,13,13,10,519,27,3,2,39,55,47,167,383,108,40,23,362,5,5,236,212,12,152,4,88,69,34,31,19,132,4,0,59,114,64,19,155,9,23,105,0,99,274,88,236,5551,175,27,17,63,59,2756,551,36,1,300,59,42,11,1078,43,144,59,133,0,152,178,15,4,161,40,58,1,67,250,0,164,70,602,39,3,242,26,4663,97,5,90,139,3080,127,8,102,18,48,18,88,338,8,103,148,3,33,52,5675,23,131,2,72,0,0,34,26,10,39,19,46,164,2,4,38,3,57,2245,0,188,139,0,257,44,3,0,9,6,263,233,0,93,2039,73,8,128,108,5,57,3,5,420,61,172,55,8,3773,204,89,273,39,9,468,311,827,63,329,1669,33,41,104,0,24,21,17,349,24,250,115,6,316,4,174,286,20,162,13,27,64,14,23,2,31,152,31,76,156,102,8,89,235,0,19,1636,91
"Cell78","Group1",102,10,17,11,569,51,12,3,33,46,45,209,606,145,34,22,530,15,13,226,255,6,150,14,84,84,20,86,43,194,4,0,64,232,97,16,181,34,39,144,4,116,297,120,238,5667,198,67,12,50,97,3358,578,31,0,261,71,54,6,1072,40,95,66,203,0,345,256,17,9,182,45,47,12,75,333,0,202,62,620,38,7,272,29,6265,138,2,98,93,3099,109,9,193,23,34,11,144,351,22,130,191,3,55,54,5293,12,140,2,85,0,0,29,17,10,36,45,41,244,3,5,111,10,75,2066,0,233,218,0,235,44,11,1,15,25,371,174,1,83,2964,61,8,145,118,1,69,0,3,412,98,265,70,47,4454,302,146,384,11,10,478,391,745,70,604,2266,44,33,154,0,26,17,16,460,18,305,129,3,367,3,195,393,16,199,1,50,42,50,21,2,32,210,19,60,255,118,5,64,400,4,35,1921,115
"Cell79","Group1",94,10,24,9,742,88,6,8,76,57,60,256,625,164,42,20,505,15,16,221,269,24,177,14,149,160,42,76,33,221,6,0,89,182,74,26,320,39,44,91,0,215,372,117,204,6536,186,72,22,55,92,3390,664,27,1,344,65,51,15,1047,30,131,109,233,2,183,242,21,2,176,49,85,17,86,242,0,265,68,940,72,7,299,42,8042,214,11,116,111,3804,142,6,114,23,66,17,160,484,22,110,215,11,64,67,7785,26,151,4,98,0,0,54,34,18,38,58,43,266,4,6,78,1,56,3421,0,322,223,0,272,62,6,5,13,14,337,250,0,106,3156,55,4,152,159,1,46,3,5,502,108,209,69,35,5017,248,189,515,32,9,531,388,1122,67,736,2860,61,70,227,0,21,52,28,613,18,317,174,4,337,5,221,279,18,272,5,30,25,51,27,1,45,240,55,65,261,178,2,95,456,10,22,2021,66
"Cell80","Group2",173,39,31,2,716,91,14,8,90,83,44,368,624,154,30,30,302,30,9,450,328,44,263,18,96,108,54,130,69,277,8,0,70,338,71,36,398,26,76,201,0,66,403,91,391,11167,299,83,32,66,154,5333,1137,50,1,357,84,116,12,1032,59,159,161,333,0,338,295,38,3,220,86,135,11,93,255,0,316,96,790,136,5,377,37,7293,230,5,142,172,3852,195,15,143,30,88,13,137,711,41,126,174,2,108,60,11283,14,270,1,100,0,0,50,38,11,27,57,62,313,0,2,153,5,78,3075,0,367,338,0,218,31,11,7,18,28,437,256,0,98,3634,62,19,206,208,0,54,6,1,562,149,303,97,19,5306,467,197,564,47,7,783,432,1200,83,746,2984,79,114,166,2,42,49,24,651,39,389,206,1,363,10,270,408,24,195,2,56,42,42,55,4,61,249,54,53,437,178,13,151,772,1,32,799,99
"Cell81","Group1",118,10,39,5,499,49,5,3,49,65,45,222,485,153,35,17,348,17,9,213,333,13,126,9,42,77,37,92,45,139,3,1,12,194,101,8,192,24,19,162,0,109,293,60,225,6954,173,45,25,43,77,2681,567,41,0,236,77,47,5,1099,15,126,76,189,0,259,210,19,1,169,33,87,3,100,178,2,220,51,582,65,6,259,40,5970,109,12,89,124,2624,139,12,117,10,37,21,169,415,18,93,142,0,45,51,6241,18,124,2,68,0,0,43,9,14,65,55,60,215,2,1,101,7,61,2620,0,248,147,0,354,31,8,1,11,13,365,179,1,108,2653,90,7,140,161,0,48,5,0,425,99,207,59,25,4019,212,124,442,35,2,428,280,726,48,428,2214,35,47,156,2,30,25,27,519,22,227,106,1,260,1,212,263,14,212,7,26,20,23,17,2,64,156,30,67,223,75,9,68,317,2,34,1833,82
"Cell82","Group2",84,10,16,13,355,52,14,0,29,40,55,237,372,132,25,11,146,17,6,211,172,12,106,2,68,67,81,67,46,196,5,1,32,211,87,9,210,19,18,119,0,70,249,89,237,6436,151,50,11,35,63,2417,463,27,0,218,72,45,5,513,49,146,84,146,0,172,179,19,2,160,25,62,2,58,152,0,219,34,652,43,7,189,24,5654,187,6,67,67,2580,100,4,72,19,43,13,108,289,10,85,132,5,80,24,5577,6,146,3,59,0,0,51,11,6,16,35,43,153,3,5,52,8,32,2464,0,187,192,0,196,33,10,4,5,15,252,137,0,72,1699,47,7,120,148,3,30,1,2,239,68,179,57,17,3022,310,87,291,27,10,354,288,705,44,571,2229,54,38,147,0,7,45,6,354,13,217,106,3,208,1,108,229,18,62,3,34,26,22,15,6,35,93,41,46,187,90,5,81,334,4,59,436,80
"Cell83","Group1",83,18,24,13,502,38,6,5,45,51,63,203,423,91,54,16,379,29,10,304,197,30,171,14,72,107,31,61,44,260,4,0,84,145,42,11,200,12,38,125,1,79,267,79,196,6210,151,41,13,39,44,3145,566,25,1,212,104,61,5,1242,17,164,89,179,0,189,184,15,0,156,29,71,8,90,140,1,338,46,660,61,13,212,18,5077,159,6,56,61,2801,145,8,92,19,43,3,111,468,11,99,292,7,42,37,6709,8,123,3,68,0,0,48,14,1,33,43,52,156,2,4,138,7,46,2596,0,218,160,0,341,29,5,0,16,20,409,237,1,99,2233,51,7,127,102,2,24,0,0,366,74,184,57,23,3627,251,77,349,23,6,531,308,708,41,516,1988,31,102,139,0,18,35,13,363,24,265,111,3,303,1,110,188,11,167,3,51,23,43,37,2,75,166,20,55,200,120,8,82,376,1,30,1941,55
"Cell84","Group2",80,19,11,19,433,36,24,0,20,32,35,140,375,125,22,32,163,15,13,127,167,8,97,5,54,23,24,56,37,221,3,0,39,181,44,10,153,17,43,117,1,56,297,65,160,5007,116,25,12,70,71,2489,612,22,0,143,50,23,8,424,32,81,113,99,0,113,86,33,1,146,49,47,6,43,175,0,186,43,421,29,3,158,15,5416,88,5,83,126,2312,105,1,51,18,44,13,72,352,5,83,173,2,37,32,4850,5,104,3,54,0,1,65,15,10,25,26,52,168,0,4,95,0,37,1930,0,130,207,0,128,22,3,3,6,23,246,207,1,66,1515,56,5,63,126,1,46,2,1,388,33,157,49,12,2848,170,102,362,25,3,329,235,563,69,424,1670,34,40,130,0,8,22,12,380,10,133,92,3,169,1,131,234,16,68,2,39,32,18,17,1,42,107,25,53,149,126,2,88,230,2,18,382,56
"Cell85","Group1",97,21,31,14,663,88,17,2,81,58,63,211,557,175,67,17,702,18,19,271,262,15,171,10,81,105,41,99,48,290,8,0,91,167,83,13,217,16,53,172,0,152,308,99,271,7426,191,35,21,59,70,3679,516,43,1,310,85,49,18,1159,16,140,83,134,0,256,259,21,1,192,35,87,2,85,225,1,370,54,831,72,16,275,38,7713,158,11,162,106,2968,140,12,144,15,44,12,139,501,21,117,200,6,52,89,8050,17,185,2,99,0,0,35,15,10,30,49,43,245,5,5,120,4,63,2818,0,318,216,0,313,69,11,5,16,39,400,245,0,108,2604,69,4,158,143,3,55,2,0,464,63,193,96,49,5188,227,147,544,14,10,528,357,1098,91,672,2623,51,93,128,0,18,29,13,485,49,254,174,3,333,1,141,242,12,265,3,43,23,48,18,1,94,191,38,104,322,149,5,79,420,0,29,2115,66
"Cell86","Group1",146,13,46,13,762,69,8,4,50,86,60,204,571,174,71,46,504,42,7,309,348,22,251,14,65,96,45,97,41,279,6,0,101,224,60,11,228,29,62,136,0,143,331,132,272,8179,201,96,13,37,118,4394,515,56,2,284,81,85,2,1614,30,129,140,155,0,217,188,65,2,253,66,93,15,63,261,0,410,81,806,91,8,307,19,7781,238,9,66,156,3426,238,16,87,27,29,20,135,584,14,141,220,7,63,47,7653,23,194,4,101,0,1,59,22,11,47,40,61,249,3,2,111,10,66,3779,0,264,250,0,386,48,5,7,24,22,364,342,3,152,2703,69,20,134,122,1,107,4,1,489,66,220,90,17,4054,292,117,438,60,9,603,487,1108,84,510,3459,71,54,211,1,47,51,31,388,14,222,118,3,323,9,222,396,22,188,0,50,40,41,24,2,73,196,28,68,388,164,11,62,475,6,42,2677,66
"Cell87","Group1",92,18,44,10,594,60,14,2,51,75,82,244,514,127,37,20,394,11,6,250,260,12,163,10,48,167,26,46,21,213,10,0,40,187,56,16,227,14,43,119,4,173,239,61,317,5153,232,44,14,69,106,2920,609,25,5,276,102,13,5,1283,38,160,56,243,0,184,158,14,4,144,38,77,1,88,262,0,238,50,587,59,2,353,34,5395,100,3,77,120,3191,133,6,141,31,56,6,196,409,15,84,155,9,73,28,6359,24,151,10,67,0,0,25,22,2,25,40,52,151,0,1,92,18,50,2307,0,272,151,0,279,38,26,2,4,18,337,197,0,122,2057,81,11,120,109,0,79,1,2,314,87,146,83,15,3059,212,158,388,45,7,527,315,872,60,455,2161,48,44,115,1,18,12,20,399,18,215,115,1,315,0,174,254,12,306,1,50,30,25,22,0,31,137,23,93,176,140,13,63,346,1,22,1650,43
"Cell88","Group1",64,8,22,4,398,68,11,3,41,59,49,218,417,199,32,31,561,17,6,210,364,11,200,11,57,113,56,42,35,194,9,0,63,144,69,9,254,24,26,157,0,95,256,53,249,6319,206,40,15,49,122,3633,686,34,0,327,86,30,10,1000,30,116,116,178,0,232,151,23,2,163,32,49,11,51,234,0,284,41,574,49,6,247,59,6076,113,20,86,168,2950,155,11,94,10,37,18,84,302,11,81,168,11,52,48,5470,13,210,3,79,0,0,36,34,5,26,21,33,224,0,20,96,1,42,3026,0,291,170,0,292,53,5,1,6,44,313,261,1,81,2257,90,10,191,134,0,62,4,3,386,30,247,65,21,3369,233,82,385,8,4,469,367,1003,68,569,1775,27,101,122,0,23,38,19,427,29,227,106,0,311,2,237,229,14,155,6,36,33,37,29,1,52,205,22,65,293,172,2,104,296,1,33,1933,56
"Cell89","Group2",117,20,14,8,548,88,36,8,34,56,55,250,709,125,35,45,260,30,12,174,212,30,225,15,60,68,29,61,18,216,9,0,51,197,76,14,204,11,31,191,2,50,254,125,309,7309,174,48,26,64,93,3592,801,44,0,353,91,50,9,775,49,115,73,146,0,178,230,40,8,210,34,88,2,69,325,2,308,39,754,34,2,380,22,6350,153,13,60,106,2761,146,18,69,16,52,10,200,521,18,179,264,4,36,51,6303,11,202,5,66,0,0,55,26,10,28,58,39,212,2,5,124,2,91,2668,0,224,192,0,241,37,4,6,15,23,382,203,1,140,2754,71,10,192,157,3,35,3,2,484,51,275,135,18,3663,278,158,466,31,2,545,383,1094,77,538,2283,72,52,189,3,21,32,27,444,25,281,157,4,223,0,245,389,25,149,9,50,30,43,23,3,52,177,44,83,292,220,8,77,393,2,13,498,123
"Cell90","Group2",103,13,29,12,600,76,29,2,44,73,70,280,776,134,36,35,260,43,7,359,388,24,202,10,82,112,52,79,40,270,5,0,66,314,66,18,243,22,49,220,2,66,343,111,327,8458,292,75,28,65,136,4058,721,55,0,339,84,104,9,791,70,181,110,252,0,289,262,53,4,230,68,100,10,116,217,0,442,53,623,104,10,458,25,9338,134,14,124,111,3961,198,17,69,42,56,19,113,422,9,176,242,1,68,47,10092,15,176,0,127,0,0,74,19,5,43,63,74,274,5,15,150,15,81,2991,0,307,298,0,250,47,14,6,19,55,446,318,0,91,3165,96,11,217,218,6,62,2,2,430,109,201,110,31,4384,266,202,547,26,2,637,427,971,89,793,3266,53,63,202,0,20,40,25,416,39,242,145,1,315,7,201,414,22,132,11,54,14,40,34,6,71,240,31,105,339,246,5,78,519,4,12,547,98
"Cell91","Group2",79,11,23,5,464,43,21,5,38,44,25,204,603,145,41,15,180,15,2,219,244,16,136,3,111,44,33,45,36,237,1,0,49,217,52,6,191,22,20,83,0,29,285,102,188,6057,90,65,11,28,78,3123,596,30,0,206,79,29,10,311,20,93,46,157,0,149,159,16,6,143,32,56,0,69,156,1,296,53,426,59,11,238,7,6125,117,7,86,82,3105,154,16,102,12,48,4,127,301,1,108,166,8,73,20,6696,12,165,1,65,0,0,45,22,5,24,40,56,182,3,8,75,4,44,2084,0,204,130,0,183,62,3,2,11,2,331,206,1,109,1981,69,8,95,156,0,37,5,0,382,54,143,83,18,4317,138,125,373,30,10,561,303,846,39,541,2052,46,44,158,0,20,29,20,375,35,184,100,0,167,5,152,321,23,61,7,32,29,31,9,13,29,149,43,53,218,133,7,90,269,2,25,443,32
"Cell92","Group1",77,8,39,4,542,77,8,3,48,44,49,144,441,106,44,27,462,7,6,205,203,23,155,6,60,90,30,46,31,184,4,2,77,164,69,18,165,24,33,113,0,113,255,58,186,6418,122,49,2,48,105,2945,521,37,0,277,74,29,7,893,25,81,92,244,0,191,169,30,4,128,42,62,11,86,228,0,270,53,754,49,20,333,36,5680,135,10,43,133,2280,134,8,67,13,34,11,160,426,15,101,174,4,55,41,5686,20,193,1,44,0,2,56,29,4,20,27,84,209,2,12,48,1,54,2613,0,206,154,0,280,32,20,1,8,12,298,189,0,93,1878,79,1,130,81,2,54,4,0,359,75,205,81,31,4102,275,129,377,9,3,454,318,816,47,499,2141,33,55,138,0,19,33,26,454,15,213,76,5,255,0,164,279,14,171,9,31,17,37,16,3,50,143,26,58,195,139,2,72,300,1,13,1792,37
"Cell93","Group1",185,23,34,21,777,57,4,3,32,75,69,291,618,140,49,26,566,17,7,268,357,20,164,9,89,110,49,74,30,355,6,0,77,190,65,14,283,35,43,215,4,139,343,91,245,8840,195,54,9,117,84,3916,775,30,0,259,102,55,17,1104,55,118,71,192,0,275,232,40,8,214,58,136,9,82,291,1,325,81,750,67,4,367,40,8037,160,16,117,160,4064,101,8,123,22,51,12,127,463,17,146,192,2,30,47,7268,21,213,0,104,0,1,65,21,8,19,49,51,285,6,9,109,14,74,2922,0,322,287,0,260,38,14,0,15,20,407,354,0,90,3460,60,16,179,128,2,90,0,2,570,86,320,87,29,5060,305,197,538,23,3,474,431,1171,109,643,2610,49,109,142,1,43,33,18,498,9,382,185,1,356,0,206,276,11,274,8,54,33,23,22,6,59,222,35,60,320,190,3,146,444,2,25,2458,119
"Cell94","Group2",131,17,46,13,583,115,21,6,60,73,56,220,540,196,30,37,199,20,31,296,380,34,283,9,83,90,59,90,40,301,6,1,112,295,75,11,310,37,42,194,3,48,512,121,235,9305,323,77,23,67,175,4455,761,42,1,464,117,61,18,1109,48,97,107,166,0,314,192,44,3,218,51,159,4,97,374,0,422,75,1030,92,8,420,23,9516,214,14,152,130,3818,153,5,114,28,80,17,182,597,15,178,203,6,62,60,8575,30,311,3,106,0,1,74,18,18,33,55,61,301,0,14,104,7,83,3706,0,343,159,0,262,55,12,8,19,41,484,374,3,149,3534,78,12,218,172,1,41,2,6,496,78,242,92,20,4852,327,187,551,41,6,651,401,1251,109,773,3830,56,37,167,0,42,34,29,354,18,360,155,1,306,3,282,455,45,136,16,60,38,36,57,6,48,218,56,63,302,324,16,128,594,8,56,639,106
"Cell95","Group2",97,16,16,15,337,43,5,1,53,43,23,180,428,127,14,13,243,19,8,251,218,13,92,5,69,65,23,40,28,201,2,0,54,158,54,20,190,13,15,94,0,55,225,96,223,4781,146,48,17,46,73,3187,485,22,0,233,67,35,3,668,40,89,60,153,0,150,180,40,1,137,25,114,3,71,215,0,201,44,674,50,9,194,22,5273,131,12,68,101,2206,123,11,47,16,44,7,65,339,5,92,142,4,47,61,6146,11,143,4,76,0,0,37,11,14,35,31,41,179,3,1,101,5,74,2626,0,193,90,0,154,77,11,3,6,15,296,148,0,91,1820,77,7,125,85,1,22,0,1,341,73,173,81,31,3595,204,95,325,28,5,290,303,680,52,446,1782,40,42,150,0,19,17,24,312,32,175,81,5,178,1,90,263,10,98,7,35,35,24,31,3,19,103,32,76,230,152,5,71,322,0,38,516,58
"Cell96","Group2",158,10,13,2,592,43,10,2,35,32,28,83,519,143,23,37,184,12,7,263,232,7,157,5,82,89,24,74,37,210,2,0,35,143,51,25,131,31,38,117,1,42,221,65,242,5145,159,57,19,66,71,2081,637,28,2,241,68,26,7,629,30,108,112,203,0,217,151,31,2,161,34,51,1,84,208,0,473,31,804,40,5,253,20,5969,113,6,63,68,2436,56,6,78,17,49,9,74,429,2,103,207,2,69,40,5043,13,137,1,47,0,0,27,20,4,17,48,48,130,4,3,56,5,67,2508,0,150,185,0,205,33,14,1,5,29,312,194,0,61,2531,57,25,157,101,1,46,2,5,334,71,183,54,10,3562,215,107,436,20,4,425,325,668,84,364,2115,38,49,143,0,27,13,24,423,16,247,105,0,212,0,109,319,32,96,4,36,33,36,19,5,49,132,33,53,163,128,4,85,351,4,26,422,69
"Cell97","Group2",171,18,30,11,794,87,25,12,43,49,23,247,512,91,39,35,267,46,20,237,294,7,145,8,54,89,27,102,39,264,4,5,69,167,51,15,269,27,34,172,3,61,274,131,177,8145,164,93,6,70,144,3014,664,60,0,170,85,34,10,662,37,89,95,279,0,258,206,56,3,126,47,105,9,97,241,1,304,49,594,81,27,297,28,7030,199,6,100,66,3785,135,8,72,19,64,5,111,539,12,75,251,4,78,63,6407,15,225,0,84,0,1,55,33,3,46,54,62,261,0,1,86,13,68,3093,0,220,164,0,287,45,20,3,10,36,396,262,1,93,2447,63,3,134,145,1,64,2,1,484,97,162,72,22,3988,263,134,296,35,13,483,372,1070,73,657,3208,51,45,181,0,29,32,26,353,28,277,151,1,188,1,147,310,21,145,1,53,30,35,55,3,48,197,37,98,262,180,5,86,429,5,27,492,82
"Cell98","Group1",144,31,17,10,654,74,9,1,46,96,90,239,385,226,43,20,490,25,5,180,264,24,177,1,94,107,54,59,40,252,6,0,59,200,77,24,226,23,25,114,7,167,275,129,363,8097,192,55,26,69,112,3116,564,35,1,318,66,56,10,1152,38,115,87,211,0,198,132,33,6,275,47,132,5,70,240,0,371,37,840,73,9,293,23,6551,156,5,111,152,3848,156,15,181,15,62,22,119,500,23,127,220,3,84,43,7674,34,175,5,72,0,0,40,19,1,39,41,46,241,3,8,87,3,58,2658,0,271,204,0,302,32,17,0,11,13,432,387,0,51,2692,56,12,193,135,4,40,0,3,487,109,226,116,24,4478,224,132,452,35,15,587,324,754,43,444,2972,80,58,195,0,29,52,14,468,28,235,117,2,354,1,254,422,17,280,6,52,23,43,26,1,36,193,19,87,288,143,10,104,343,1,42,1985,51
"Cell99","Group2",144,25,11,26,789,95,12,1,50,60,55,246,512,240,30,44,260,12,5,338,327,26,169,8,88,83,88,87,22,282,5,0,61,234,113,32,256,18,29,191,1,76,366,74,376,10300,196,76,13,42,97,3565,862,26,5,294,51,42,11,890,46,169,68,297,0,353,229,59,0,208,32,130,7,107,405,0,294,62,719,80,8,267,25,7035,153,9,95,156,4152,221,18,110,22,102,17,194,477,8,150,204,14,40,67,9671,12,180,13,108,0,0,68,23,7,41,52,52,243,4,17,88,7,83,3010,1,219,243,0,327,54,21,6,36,22,391,398,2,125,3034,129,13,266,206,2,67,1,4,436,170,226,64,22,4841,270,192,583,24,6,575,440,1004,61,764,2610,83,80,164,0,18,39,41,558,11,326,159,1,338,6,163,366,20,149,4,68,35,20,40,6,42,192,25,66,352,171,4,119,570,1,34,780,57
"Cell100","Group1",180,21,25,6,597,94,10,7,51,90,43,271,698,166,48,52,712,17,41,246,381,43,164,12,102,94,63,85,45,236,4,4,63,195,116,20,189,52,28,170,4,233,453,101,303,7806,274,53,20,76,88,4154,847,39,0,387,125,44,9,1752,32,125,143,311,0,284,250,22,1,191,41,156,16,132,344,0,538,57,1156,93,13,319,67,7025,253,17,132,102,3928,185,7,184,43,112,16,234,457,38,170,279,6,62,86,9131,32,179,3,108,0,0,63,31,7,51,61,58,294,9,10,151,6,80,3047,0,271,249,0,380,50,13,6,13,23,427,370,0,72,3468,156,27,153,175,2,91,3,0,496,114,330,115,43,5064,333,207,479,47,15,681,337,1369,84,775,3086,65,63,157,2,27,45,34,442,35,383,132,1,301,4,247,474,24,236,7,58,59,51,45,1,46,217,36,93,336,273,17,112,517,7,26,2276,121
